ACCOUNT_MANAGER_NAME|TARGET|BILLED REVENUE|MONTH|YEAR|DIRECTORATE|TYPE|SALES_MANAGER_NAME|ACCOUNT_MANAGER_REGION|YTD_REVENUE|FORECAST_ACHIEVED
Neo|5000|5500|02|2015|||Sales Manager|Region Name Here|||
The Oracle|5000|5500|02|2015|||Sales Manager|Region Name Here|||
Seraph|5000|5500|02|2015|||Sales Manager|Region Name Here|||
Morpheus|5000|5500|02|2015|||Sales Manager|Region Name Here|||
Niobe|5000|5500|02|2015|||Sales Manager|Region Name Here|||
Trinity|5000|5500|02|2015|||Sales Manager|Region Name Here|||
The Key Maker|5000|5500|02|2015|||Sales Manager|Region Name Here|||
