--------------------------------------------------------
--  File created - Tuesday-March-03-2015   
--------------------------------------------------------
--------------------------------------------------------
--  DDL for Table R_ACCOUNT_TYPE
--------------------------------------------------------

  CREATE TABLE "VF_SPMC_REF"."R_ACCOUNT_TYPE" 
   (	"ACCOUNT_TYPE_CD" VARCHAR2(10), 
	"ACCOUNT_TYPE_DESC" VARCHAR2(50), 
	"CREATION_DT" DATE, 
	"CURR_FLAG_YN" CHAR(1), 
	"VALID_FROM_DT" DATE, 
	"VALID_UNTIL_DT" DATE
   )
--------------------------------------------------------
--  DDL for Table R_CURRENCY
--------------------------------------------------------

  CREATE TABLE "VF_SPMC_REF"."R_CURRENCY" 
   (	"CURRENCY_CD" VARCHAR2(50), 
	"CURRENCY_DESC" VARCHAR2(256), 
	"CREATION_DT" DATE, 
	"CURR_FLAG_YN" CHAR(1), 
	"VALID_FROM_DT" DATE, 
	"VALID_UNTIL_DT" DATE
   )
--------------------------------------------------------
--  DDL for Table R_FORECAST_CAT
--------------------------------------------------------

  CREATE TABLE "VF_SPMC_REF"."R_FORECAST_CAT" 
   (	"FORECAST_CAT_CD" VARCHAR2(10), 
	"FORECAST_CAT_DESC" VARCHAR2(50), 
	"CREATION_DT" DATE, 
	"CURR_FLAG_YN" CHAR(1), 
	"VALID_FROM_DT" DATE, 
	"VALID_UNTIL_DT" DATE
   )
--------------------------------------------------------
--  DDL for Table R_GRADE
--------------------------------------------------------

  CREATE TABLE "VF_SPMC_REF"."R_GRADE" 
   (	"GRADE_CD" VARCHAR2(50), 
	"GRADE_DESC" VARCHAR2(256), 
	"CREATION_DT" DATE, 
	"CURR_FLAG_YN" CHAR(1), 
	"VALID_FROM_DT" DATE, 
	"VALID_UNTIL_DT" DATE
   )
--------------------------------------------------------
--  DDL for Table R_KPI_CALCULATION
--------------------------------------------------------

  CREATE TABLE "VF_SPMC_REF"."R_KPI_CALCULATION" 
   (	"LOCAL_MARKET" VARCHAR2(20), 
	"CALCULATION_NAME" VARCHAR2(20), 
	"KPI_GUIDANCE_VALUE" NUMBER(38,0), 
	"KPI_GUIDANCE_DESCRIPTION" VARCHAR2(256), 
	"CALCUALTION_LOCALE" VARCHAR2(20), 
	"KPI_DESCRIPTION" VARCHAR2(100), 
	"KPI_TYPE" VARCHAR2(20), 
	"KPI_GUIDANCE_OPERATOR" VARCHAR2(20)
   )
--------------------------------------------------------
--  DDL for Table R_LOCAL_MARKET
--------------------------------------------------------

  CREATE TABLE "VF_SPMC_REF"."R_LOCAL_MARKET" 
   (	"LOCAL_MARKET_CD" VARCHAR2(3), 
	"LOCAL_MARKET_DESC" VARCHAR2(100), 
	"CREATION_DT" DATE, 
	"CURR_FLAG_YN" CHAR(1), 
	"VALID_FROM_DT" DATE, 
	"VALID_UNTIL_DT" DATE
   )
--------------------------------------------------------
--  DDL for Table R_MAIN_SALES_CHAN
--------------------------------------------------------

  CREATE TABLE "VF_SPMC_REF"."R_MAIN_SALES_CHAN" 
   (	"MAIN_SALES_CHANNEL_CD" VARCHAR2(10), 
	"MAIN_SALES_CHANNEL_DESC" VARCHAR2(100), 
	"CREATION_DT" DATE, 
	"CURR_FLAG_YN" CHAR(1), 
	"VALID_FROM_DT" DATE, 
	"VALID_UNTIL_DT" DATE
   )
--------------------------------------------------------
--  DDL for Table R_MICRO_SEG
--------------------------------------------------------

  CREATE TABLE "VF_SPMC_REF"."R_MICRO_SEG" 
   (	"MICRO_SEGMENT_CD" VARCHAR2(10), 
	"MICRO_SEGMENT_DESC" VARCHAR2(100), 
	"CREATION_DT" DATE, 
	"CURR_FLAG_YN" CHAR(1), 
	"VALID_FROM_DT" DATE, 
	"VALID_UNTIL_DT" DATE
   )
--------------------------------------------------------
--  DDL for Table R_OPP_DEAL_TYPE
--------------------------------------------------------

  CREATE TABLE "VF_SPMC_REF"."R_OPP_DEAL_TYPE" 
   (	"OPP_DEAL_TYPE_CD" VARCHAR2(10), 
	"OPP_DEAL_TYPE_DESC" VARCHAR2(50), 
	"CREATION_DT" DATE, 
	"CURR_FLAG_YN" CHAR(1), 
	"VALID_FROM_DT" DATE, 
	"VALID_UNTIL_DT" DATE
   )
--------------------------------------------------------
--  DDL for Table R_OPP_SALES_METHOD
--------------------------------------------------------

  CREATE TABLE "VF_SPMC_REF"."R_OPP_SALES_METHOD" 
   (	"OPP_SALES_METHOD_CD" VARCHAR2(10), 
	"OPP_SALES_METHOD_DESC" VARCHAR2(50), 
	"CREATION_DT" DATE, 
	"CURR_FLAG_YN" CHAR(1), 
	"VALID_FROM_DT" DATE, 
	"VALID_UNTIL_DT" DATE
   )
--------------------------------------------------------
--  DDL for Table R_OPP_SALES_STAGE_STATUS
--------------------------------------------------------

  CREATE TABLE "VF_SPMC_REF"."R_OPP_SALES_STAGE_STATUS" 
   (	"OPP_SALES_STAGE_STAT_CD" VARCHAR2(10), 
	"OPP_SALES_STAGE_STAT_DESC" VARCHAR2(10), 
	"CREATION_DT" DATE, 
	"CURR_FLAG_YN" CHAR(1), 
	"VALID_FROM_DT" DATE, 
	"VALID_UNTIL_DT" DATE
   )
--------------------------------------------------------
--  DDL for Table R_OPP_STATUS
--------------------------------------------------------

  CREATE TABLE "VF_SPMC_REF"."R_OPP_STATUS" 
   (	"OPP_STAT_CD" VARCHAR2(10), 
	"OPP_STAT_DESC" VARCHAR2(10), 
	"CREATION_DT" DATE, 
	"CURR_FLAG_YN" CHAR(1), 
	"VALID_FROM_DT" DATE, 
	"VALID_UNTIL_DT" DATE
   )
--------------------------------------------------------
--  DDL for Table R_PORTFOLIO_CAT
--------------------------------------------------------

  CREATE TABLE "VF_SPMC_REF"."R_PORTFOLIO_CAT" 
   (	"PORTFOLIO_CAT_CD" VARCHAR2(10), 
	"PORTFOLIO_CAT_DESC" VARCHAR2(100), 
	"CREATION_DT" DATE, 
	"CURR_FLAG_YN" CHAR(1), 
	"VALID_FROM_DT" DATE, 
	"VALID_UNTIL_DT" DATE
   )
--------------------------------------------------------
--  DDL for Table R_PRODUCT_FAMILY
--------------------------------------------------------

  CREATE TABLE "VF_SPMC_REF"."R_PRODUCT_FAMILY" 
   (	"PRODUCT_FAMILY_CD" VARCHAR2(10), 
	"PRODUCT_FAMILY_DESC" VARCHAR2(100), 
	"CREATION_DT" DATE, 
	"CURR_FLAG_YN" CHAR(1), 
	"VALID_FROM_DT" DATE, 
	"VALID_UNTIL_DT" DATE
   )
--------------------------------------------------------
--  DDL for Table R_PRODUCT_LINE
--------------------------------------------------------

  CREATE TABLE "VF_SPMC_REF"."R_PRODUCT_LINE" 
   (	"PRODUCT_LINE_CD" VARCHAR2(10), 
	"PRODUCT_LINE_DESC" VARCHAR2(100), 
	"CREATION_DT" DATE, 
	"CURR_FLAG_YN" CHAR(1), 
	"VALID_FROM_DT" DATE, 
	"VALID_UNTIL_DT" DATE
   )
--------------------------------------------------------
--  DDL for Table R_REGION
--------------------------------------------------------

  CREATE TABLE "VF_SPMC_REF"."R_REGION" 
   (	"REGION_CD" VARCHAR2(50), 
	"REGION_DESC" VARCHAR2(256), 
	"CREATION_DT" DATE, 
	"CURR_FLAG_YN" CHAR(1), 
	"VALID_FROM_DT" DATE, 
	"VALID_UNTIL_DT" DATE
   )
--------------------------------------------------------
--  DDL for Table R_REVENUE_TYPE
--------------------------------------------------------

  CREATE TABLE "VF_SPMC_REF"."R_REVENUE_TYPE" 
   (	"REVENUE_TYPE_CD" VARCHAR2(50), 
	"REVENUE_TYPE_DESC" VARCHAR2(256), 
	"CREATION_DT" DATE, 
	"CURR_FLAG_YN" CHAR(1), 
	"VALID_FROM_DT" DATE, 
	"VALID_UNTIL_DT" DATE
   )
--------------------------------------------------------
--  DDL for Table R_SALES_SEG
--------------------------------------------------------

  CREATE TABLE "VF_SPMC_REF"."R_SALES_SEG" 
   (	"SALES_SEG_CD" VARCHAR2(10), 
	"SALES_SEG_DESC" VARCHAR2(50), 
	"CREATION_DT" DATE, 
	"CURR_FLAG_YN" CHAR(1), 
	"VALID_FROM_DT" DATE, 
	"VALID_UNTIL_DT" DATE
   )
--------------------------------------------------------
--  DDL for Table R_SOURCE_FILES
--------------------------------------------------------

  CREATE TABLE "VF_SPMC_REF"."R_SOURCE_FILES" 
   (	"SOURCE_FILE_ID" NUMBER, 
	"SOURCE_FILE_TYPE" VARCHAR2(20), 
	"SOURCE_FILE_NAME" VARCHAR2(50)
   )
--------------------------------------------------------
--  DDL for Table R_SOURCE_FILES_BKP
--------------------------------------------------------

  CREATE TABLE "VF_SPMC_REF"."R_SOURCE_FILES_BKP" 
   (	"SOURCE_FILE_ID" NUMBER, 
	"SOURCE_FILE_TYPE" VARCHAR2(20), 
	"SOURCE_FILE_NAME" VARCHAR2(50)
   )
--------------------------------------------------------
--  DDL for Table R_SOURCE_FILES_LOADHIST
--------------------------------------------------------

  CREATE TABLE "VF_SPMC_REF"."R_SOURCE_FILES_LOADHIST" 
   (	"LOAD_DATE" DATE DEFAULT SYSDATE, 
	"SOURCE_FILE_TYPE" VARCHAR2(20), 
	"SOURCE_FILE_NAME" VARCHAR2(50), 
	"LOAD_STATUS" VARCHAR2(10)
   )
--------------------------------------------------------
--  DDL for Table R_STAGE
--------------------------------------------------------

  CREATE TABLE "VF_SPMC_REF"."R_STAGE" 
   (	"STAGE_CD" VARCHAR2(10), 
	"STAGE_DESC" VARCHAR2(100), 
	"CREATION_DT" DATE, 
	"CURR_FLAG_YN" CHAR(1), 
	"VALID_FROM_DT" DATE, 
	"VALID_UNTIL_DT" DATE
   )
--------------------------------------------------------
--  DDL for Table R_STUCK_OPPORTUNITY
--------------------------------------------------------

  CREATE TABLE "VF_SPMC_REF"."R_STUCK_OPPORTUNITY" 
   (	"STUCK_OPP_CD" VARCHAR2(10), 
	"STUCK_OPP_DESC" VARCHAR2(50), 
	"CREATION_DT" DATE, 
	"CURR_FLAG_YN" CHAR(1), 
	"VALID_FROM_DT" DATE, 
	"VALID_UNTIL_DT" DATE
   )
--------------------------------------------------------
--  DDL for Table R_TARGET_TYPE
--------------------------------------------------------

  CREATE TABLE "VF_SPMC_REF"."R_TARGET_TYPE" 
   (	"TARGET_TYPE_CD" VARCHAR2(50), 
	"TARGET_TYPE_DESC" VARCHAR2(256), 
	"CREATION_DT" DATE, 
	"CURR_FLAG_YN" CHAR(1), 
	"VALID_FROM_DT" DATE, 
	"VALID_UNTIL_DT" DATE
   )
REM INSERTING into VF_SPMC_REF.R_ACCOUNT_TYPE
SET DEFINE OFF;
Insert into VF_SPMC_REF.R_ACCOUNT_TYPE (ACCOUNT_TYPE_CD,ACCOUNT_TYPE_DESC,CREATION_DT,CURR_FLAG_YN,VALID_FROM_DT,VALID_UNTIL_DT) values ('CUS','Customer',to_date('08-JAN-15','DD-MON-RR'),'Y',to_date('08-JAN-15','DD-MON-RR'),null);
Insert into VF_SPMC_REF.R_ACCOUNT_TYPE (ACCOUNT_TYPE_CD,ACCOUNT_TYPE_DESC,CREATION_DT,CURR_FLAG_YN,VALID_FROM_DT,VALID_UNTIL_DT) values ('PRO','Prospect',to_date('08-JAN-15','DD-MON-RR'),'Y',to_date('08-JAN-15','DD-MON-RR'),null);
REM INSERTING into VF_SPMC_REF.R_CURRENCY
SET DEFINE OFF;
Insert into VF_SPMC_REF.R_CURRENCY (CURRENCY_CD,CURRENCY_DESC,CREATION_DT,CURR_FLAG_YN,VALID_FROM_DT,VALID_UNTIL_DT) values ('INR','Indian Rupees',to_date('03-FEB-15','DD-MON-RR'),'Y',to_date('03-FEB-15','DD-MON-RR'),null);
REM INSERTING into VF_SPMC_REF.R_FORECAST_CAT
SET DEFINE OFF;
Insert into VF_SPMC_REF.R_FORECAST_CAT (FORECAST_CAT_CD,FORECAST_CAT_DESC,CREATION_DT,CURR_FLAG_YN,VALID_FROM_DT,VALID_UNTIL_DT) values ('CLO','closed',to_date('08-JAN-15','DD-MON-RR'),'Y',to_date('08-JAN-15','DD-MON-RR'),null);
Insert into VF_SPMC_REF.R_FORECAST_CAT (FORECAST_CAT_CD,FORECAST_CAT_DESC,CREATION_DT,CURR_FLAG_YN,VALID_FROM_DT,VALID_UNTIL_DT) values ('OMI','omitted',to_date('08-JAN-15','DD-MON-RR'),'Y',to_date('08-JAN-15','DD-MON-RR'),null);
Insert into VF_SPMC_REF.R_FORECAST_CAT (FORECAST_CAT_CD,FORECAST_CAT_DESC,CREATION_DT,CURR_FLAG_YN,VALID_FROM_DT,VALID_UNTIL_DT) values ('PIP','pipeline',to_date('08-JAN-15','DD-MON-RR'),'Y',to_date('08-JAN-15','DD-MON-RR'),null);
REM INSERTING into VF_SPMC_REF.R_GRADE
SET DEFINE OFF;
Insert into VF_SPMC_REF.R_GRADE (GRADE_CD,GRADE_DESC,CREATION_DT,CURR_FLAG_YN,VALID_FROM_DT,VALID_UNTIL_DT) values ('PRO','Sales Professional',to_date('08-JAN-15','DD-MON-RR'),'Y',to_date('08-JAN-15','DD-MON-RR'),null);
Insert into VF_SPMC_REF.R_GRADE (GRADE_CD,GRADE_DESC,CREATION_DT,CURR_FLAG_YN,VALID_FROM_DT,VALID_UNTIL_DT) values ('MAN','Sales Manager',to_date('08-JAN-15','DD-MON-RR'),'Y',to_date('08-JAN-15','DD-MON-RR'),null);
Insert into VF_SPMC_REF.R_GRADE (GRADE_CD,GRADE_DESC,CREATION_DT,CURR_FLAG_YN,VALID_FROM_DT,VALID_UNTIL_DT) values ('DIR','Director',to_date('08-JAN-15','DD-MON-RR'),'Y',to_date('08-JAN-15','DD-MON-RR'),null);
Insert into VF_SPMC_REF.R_GRADE (GRADE_CD,GRADE_DESC,CREATION_DT,CURR_FLAG_YN,VALID_FROM_DT,VALID_UNTIL_DT) values ('DI1','Director 1',to_date('08-JAN-15','DD-MON-RR'),'Y',to_date('08-JAN-15','DD-MON-RR'),null);
Insert into VF_SPMC_REF.R_GRADE (GRADE_CD,GRADE_DESC,CREATION_DT,CURR_FLAG_YN,VALID_FROM_DT,VALID_UNTIL_DT) values ('DI2','Director 2',to_date('08-JAN-15','DD-MON-RR'),'Y',to_date('08-JAN-15','DD-MON-RR'),null);
Insert into VF_SPMC_REF.R_GRADE (GRADE_CD,GRADE_DESC,CREATION_DT,CURR_FLAG_YN,VALID_FROM_DT,VALID_UNTIL_DT) values ('DI3','Director 3',to_date('08-JAN-15','DD-MON-RR'),'Y',to_date('08-JAN-15','DD-MON-RR'),null);
Insert into VF_SPMC_REF.R_GRADE (GRADE_CD,GRADE_DESC,CREATION_DT,CURR_FLAG_YN,VALID_FROM_DT,VALID_UNTIL_DT) values ('DI4','Director 4',to_date('08-JAN-15','DD-MON-RR'),'Y',to_date('08-JAN-15','DD-MON-RR'),null);
REM INSERTING into VF_SPMC_REF.R_KPI_CALCULATION
SET DEFINE OFF;
Insert into VF_SPMC_REF.R_KPI_CALCULATION (LOCAL_MARKET,CALCULATION_NAME,KPI_GUIDANCE_VALUE,KPI_GUIDANCE_DESCRIPTION,CALCUALTION_LOCALE,KPI_DESCRIPTION,KPI_TYPE,KPI_GUIDANCE_OPERATOR) values ('IND','KPI1_GLOBAL',300,'>= 300%','GLOBAL','KPI1 - Pipeline Coverage','KPI1','>=');
Insert into VF_SPMC_REF.R_KPI_CALCULATION (LOCAL_MARKET,CALCULATION_NAME,KPI_GUIDANCE_VALUE,KPI_GUIDANCE_DESCRIPTION,CALCUALTION_LOCALE,KPI_DESCRIPTION,KPI_TYPE,KPI_GUIDANCE_OPERATOR) values ('IND','KPI2_GLOBAL',10,'<= 10%','GLOBAL','KPI2 - Stuck Opportunities','KPI2','<=');
Insert into VF_SPMC_REF.R_KPI_CALCULATION (LOCAL_MARKET,CALCULATION_NAME,KPI_GUIDANCE_VALUE,KPI_GUIDANCE_DESCRIPTION,CALCUALTION_LOCALE,KPI_DESCRIPTION,KPI_TYPE,KPI_GUIDANCE_OPERATOR) values ('IND','KPI3_GLOBAL',10,'<= 10%','GLOBAL','KPI3 - Stale Opportunities','KPI3','<=');
Insert into VF_SPMC_REF.R_KPI_CALCULATION (LOCAL_MARKET,CALCULATION_NAME,KPI_GUIDANCE_VALUE,KPI_GUIDANCE_DESCRIPTION,CALCUALTION_LOCALE,KPI_DESCRIPTION,KPI_TYPE,KPI_GUIDANCE_OPERATOR) values ('IND','KPI4_GLOBAL',90,'>= 90%','GLOBAL','KPI4 - Record Completion','KPI4','>=');
Insert into VF_SPMC_REF.R_KPI_CALCULATION (LOCAL_MARKET,CALCULATION_NAME,KPI_GUIDANCE_VALUE,KPI_GUIDANCE_DESCRIPTION,CALCUALTION_LOCALE,KPI_DESCRIPTION,KPI_TYPE,KPI_GUIDANCE_OPERATOR) values ('IND','KPI5_GLOBAL',5,'< +/- 5%','GLOBAL','KPI5 - Forecast Accuracy','KPI5','BETWEEN (-5,5)');
Insert into VF_SPMC_REF.R_KPI_CALCULATION (LOCAL_MARKET,CALCULATION_NAME,KPI_GUIDANCE_VALUE,KPI_GUIDANCE_DESCRIPTION,CALCUALTION_LOCALE,KPI_DESCRIPTION,KPI_TYPE,KPI_GUIDANCE_OPERATOR) values ('IND','KPI6_GLOBAL',100,'>= 100%','GLOBAL','KPI6 - Billed Revenue Achievement','KPI6','>=');
Insert into VF_SPMC_REF.R_KPI_CALCULATION (LOCAL_MARKET,CALCULATION_NAME,KPI_GUIDANCE_VALUE,KPI_GUIDANCE_DESCRIPTION,CALCUALTION_LOCALE,KPI_DESCRIPTION,KPI_TYPE,KPI_GUIDANCE_OPERATOR) values ('IND','KPI7_GLOBAL',33,'>= 33%','GLOBAL','KPI7 - Win Rate','KPI7','>=');
Insert into VF_SPMC_REF.R_KPI_CALCULATION (LOCAL_MARKET,CALCULATION_NAME,KPI_GUIDANCE_VALUE,KPI_GUIDANCE_DESCRIPTION,CALCUALTION_LOCALE,KPI_DESCRIPTION,KPI_TYPE,KPI_GUIDANCE_OPERATOR) values ('ZAR','KPI1_GLOBAL',300,'>= 300%','GLOBAL','KPI1 - Pipeline Coverage','KPI1','>=');
Insert into VF_SPMC_REF.R_KPI_CALCULATION (LOCAL_MARKET,CALCULATION_NAME,KPI_GUIDANCE_VALUE,KPI_GUIDANCE_DESCRIPTION,CALCUALTION_LOCALE,KPI_DESCRIPTION,KPI_TYPE,KPI_GUIDANCE_OPERATOR) values ('ZAR','KPI2_GLOBAL',10,'<= 10%','GLOBAL','KPI2 - Stuck Opportunities','KPI2','<=');
Insert into VF_SPMC_REF.R_KPI_CALCULATION (LOCAL_MARKET,CALCULATION_NAME,KPI_GUIDANCE_VALUE,KPI_GUIDANCE_DESCRIPTION,CALCUALTION_LOCALE,KPI_DESCRIPTION,KPI_TYPE,KPI_GUIDANCE_OPERATOR) values ('ZAR','KPI3_GLOBAL',10,'<= 10%','GLOBAL','KPI3 - Stale Opportunities','KPI3','<=');
Insert into VF_SPMC_REF.R_KPI_CALCULATION (LOCAL_MARKET,CALCULATION_NAME,KPI_GUIDANCE_VALUE,KPI_GUIDANCE_DESCRIPTION,CALCUALTION_LOCALE,KPI_DESCRIPTION,KPI_TYPE,KPI_GUIDANCE_OPERATOR) values ('ZAR','KPI4_GLOBAL',90,'>= 90%','GLOBAL','KPI4 - Record Completion','KPI4','>=');
Insert into VF_SPMC_REF.R_KPI_CALCULATION (LOCAL_MARKET,CALCULATION_NAME,KPI_GUIDANCE_VALUE,KPI_GUIDANCE_DESCRIPTION,CALCUALTION_LOCALE,KPI_DESCRIPTION,KPI_TYPE,KPI_GUIDANCE_OPERATOR) values ('ZAR','KPI5_GLOBAL',5,'< +/- 5%','GLOBAL','KPI5 - Forecast Accuracy','KPI5','BETWEEN (-5,5)');
Insert into VF_SPMC_REF.R_KPI_CALCULATION (LOCAL_MARKET,CALCULATION_NAME,KPI_GUIDANCE_VALUE,KPI_GUIDANCE_DESCRIPTION,CALCUALTION_LOCALE,KPI_DESCRIPTION,KPI_TYPE,KPI_GUIDANCE_OPERATOR) values ('ZAR','KPI6_GLOBAL',100,'>= 100%','GLOBAL','KPI6 - Billed Revenue Achievement','KPI6','>=');
Insert into VF_SPMC_REF.R_KPI_CALCULATION (LOCAL_MARKET,CALCULATION_NAME,KPI_GUIDANCE_VALUE,KPI_GUIDANCE_DESCRIPTION,CALCUALTION_LOCALE,KPI_DESCRIPTION,KPI_TYPE,KPI_GUIDANCE_OPERATOR) values ('ZAR','KPI7_GLOBAL',33,'>= 33%','GLOBAL','KPI7 - Win Rate','KPI7','>=');
Insert into VF_SPMC_REF.R_KPI_CALCULATION (LOCAL_MARKET,CALCULATION_NAME,KPI_GUIDANCE_VALUE,KPI_GUIDANCE_DESCRIPTION,CALCUALTION_LOCALE,KPI_DESCRIPTION,KPI_TYPE,KPI_GUIDANCE_OPERATOR) values ('NZE','KPI1_GLOBAL',300,'>= 300%','GLOBAL','KPI1 - Pipeline Coverage','KPI1','>=');
Insert into VF_SPMC_REF.R_KPI_CALCULATION (LOCAL_MARKET,CALCULATION_NAME,KPI_GUIDANCE_VALUE,KPI_GUIDANCE_DESCRIPTION,CALCUALTION_LOCALE,KPI_DESCRIPTION,KPI_TYPE,KPI_GUIDANCE_OPERATOR) values ('NZE','KPI2_GLOBAL',10,'<= 10%','GLOBAL','KPI2 - Stuck Opportunities','KPI2','<=');
Insert into VF_SPMC_REF.R_KPI_CALCULATION (LOCAL_MARKET,CALCULATION_NAME,KPI_GUIDANCE_VALUE,KPI_GUIDANCE_DESCRIPTION,CALCUALTION_LOCALE,KPI_DESCRIPTION,KPI_TYPE,KPI_GUIDANCE_OPERATOR) values ('NZE','KPI3_GLOBAL',10,'<= 10%','GLOBAL','KPI3 - Stale Opportunities','KPI3','<=');
Insert into VF_SPMC_REF.R_KPI_CALCULATION (LOCAL_MARKET,CALCULATION_NAME,KPI_GUIDANCE_VALUE,KPI_GUIDANCE_DESCRIPTION,CALCUALTION_LOCALE,KPI_DESCRIPTION,KPI_TYPE,KPI_GUIDANCE_OPERATOR) values ('NZE','KPI4_GLOBAL',90,'>= 90%','GLOBAL','KPI4 - Record Completion','KPI4','>=');
Insert into VF_SPMC_REF.R_KPI_CALCULATION (LOCAL_MARKET,CALCULATION_NAME,KPI_GUIDANCE_VALUE,KPI_GUIDANCE_DESCRIPTION,CALCUALTION_LOCALE,KPI_DESCRIPTION,KPI_TYPE,KPI_GUIDANCE_OPERATOR) values ('NZE','KPI5_GLOBAL',5,'< +/- 5%','GLOBAL','KPI5 - Forecast Accuracy','KPI5','BETWEEN (-5,5)');
Insert into VF_SPMC_REF.R_KPI_CALCULATION (LOCAL_MARKET,CALCULATION_NAME,KPI_GUIDANCE_VALUE,KPI_GUIDANCE_DESCRIPTION,CALCUALTION_LOCALE,KPI_DESCRIPTION,KPI_TYPE,KPI_GUIDANCE_OPERATOR) values ('NZE','KPI6_GLOBAL',100,'>= 100%','GLOBAL','KPI6 - Billed Revenue Achievement','KPI6','>=');
Insert into VF_SPMC_REF.R_KPI_CALCULATION (LOCAL_MARKET,CALCULATION_NAME,KPI_GUIDANCE_VALUE,KPI_GUIDANCE_DESCRIPTION,CALCUALTION_LOCALE,KPI_DESCRIPTION,KPI_TYPE,KPI_GUIDANCE_OPERATOR) values ('NZE','KPI7_GLOBAL',33,'>= 33%','GLOBAL','KPI7 - Win Rate','KPI7','>=');
REM INSERTING into VF_SPMC_REF.R_LOCAL_MARKET
SET DEFINE OFF;
Insert into VF_SPMC_REF.R_LOCAL_MARKET (LOCAL_MARKET_CD,LOCAL_MARKET_DESC,CREATION_DT,CURR_FLAG_YN,VALID_FROM_DT,VALID_UNTIL_DT) values ('IND','India',to_date('08-JAN-15','DD-MON-RR'),'Y',to_date('08-JAN-15','DD-MON-RR'),null);
Insert into VF_SPMC_REF.R_LOCAL_MARKET (LOCAL_MARKET_CD,LOCAL_MARKET_DESC,CREATION_DT,CURR_FLAG_YN,VALID_FROM_DT,VALID_UNTIL_DT) values ('ZAR','South Africa',to_date('08-JAN-15','DD-MON-RR'),'Y',to_date('08-JAN-15','DD-MON-RR'),null);
Insert into VF_SPMC_REF.R_LOCAL_MARKET (LOCAL_MARKET_CD,LOCAL_MARKET_DESC,CREATION_DT,CURR_FLAG_YN,VALID_FROM_DT,VALID_UNTIL_DT) values ('NZE','New Zealand',to_date('08-JAN-15','DD-MON-RR'),'Y',to_date('08-JAN-15','DD-MON-RR'),null);
REM INSERTING into VF_SPMC_REF.R_MAIN_SALES_CHAN
SET DEFINE OFF;
Insert into VF_SPMC_REF.R_MAIN_SALES_CHAN (MAIN_SALES_CHANNEL_CD,MAIN_SALES_CHANNEL_DESC,CREATION_DT,CURR_FLAG_YN,VALID_FROM_DT,VALID_UNTIL_DT) values ('AC1','Acquisition',to_date('08-JAN-15','DD-MON-RR'),'Y',to_date('08-JAN-15','DD-MON-RR'),null);
Insert into VF_SPMC_REF.R_MAIN_SALES_CHAN (MAIN_SALES_CHANNEL_CD,MAIN_SALES_CHANNEL_DESC,CREATION_DT,CURR_FLAG_YN,VALID_FROM_DT,VALID_UNTIL_DT) values ('CMP','Central and Mid Markets Public',to_date('08-JAN-15','DD-MON-RR'),'Y',to_date('08-JAN-15','DD-MON-RR'),null);
Insert into VF_SPMC_REF.R_MAIN_SALES_CHAN (MAIN_SALES_CHANNEL_CD,MAIN_SALES_CHANNEL_DESC,CREATION_DT,CURR_FLAG_YN,VALID_FROM_DT,VALID_UNTIL_DT) values ('CJP','Central, Justice and Partners',to_date('08-JAN-15','DD-MON-RR'),'Y',to_date('08-JAN-15','DD-MON-RR'),null);
Insert into VF_SPMC_REF.R_MAIN_SALES_CHAN (MAIN_SALES_CHANNEL_CD,MAIN_SALES_CHANNEL_DESC,CREATION_DT,CURR_FLAG_YN,VALID_FROM_DT,VALID_UNTIL_DT) values ('FPS','Financial and Professional Services',to_date('08-JAN-15','DD-MON-RR'),'Y',to_date('08-JAN-15','DD-MON-RR'),null);
Insert into VF_SPMC_REF.R_MAIN_SALES_CHAN (MAIN_SALES_CHANNEL_CD,MAIN_SALES_CHANNEL_DESC,CREATION_DT,CURR_FLAG_YN,VALID_FROM_DT,VALID_UNTIL_DT) values ('IRE','Ireland',to_date('08-JAN-15','DD-MON-RR'),'Y',to_date('08-JAN-15','DD-MON-RR'),null);
Insert into VF_SPMC_REF.R_MAIN_SALES_CHAN (MAIN_SALES_CHANNEL_CD,MAIN_SALES_CHANNEL_DESC,CREATION_DT,CURR_FLAG_YN,VALID_FROM_DT,VALID_UNTIL_DT) values ('ISP','ISPs',to_date('08-JAN-15','DD-MON-RR'),'Y',to_date('08-JAN-15','DD-MON-RR'),null);
Insert into VF_SPMC_REF.R_MAIN_SALES_CHAN (MAIN_SALES_CHANNEL_CD,MAIN_SALES_CHANNEL_DESC,CREATION_DT,CURR_FLAG_YN,VALID_FROM_DT,VALID_UNTIL_DT) values ('MGT','Media, Gaming and Technology',to_date('08-JAN-15','DD-MON-RR'),'Y',to_date('08-JAN-15','DD-MON-RR'),null);
Insert into VF_SPMC_REF.R_MAIN_SALES_CHAN (MAIN_SALES_CHANNEL_CD,MAIN_SALES_CHANNEL_DESC,CREATION_DT,CURR_FLAG_YN,VALID_FROM_DT,VALID_UNTIL_DT) values ('MMA','Mid Market',to_date('08-JAN-15','DD-MON-RR'),'Y',to_date('08-JAN-15','DD-MON-RR'),null);
Insert into VF_SPMC_REF.R_MAIN_SALES_CHAN (MAIN_SALES_CHANNEL_CD,MAIN_SALES_CHANNEL_DESC,CREATION_DT,CURR_FLAG_YN,VALID_FROM_DT,VALID_UNTIL_DT) values ('MME','Mid Market Enterprise',to_date('08-JAN-15','DD-MON-RR'),'Y',to_date('08-JAN-15','DD-MON-RR'),null);
Insert into VF_SPMC_REF.R_MAIN_SALES_CHAN (MAIN_SALES_CHANNEL_CD,MAIN_SALES_CHANNEL_DESC,CREATION_DT,CURR_FLAG_YN,VALID_FROM_DT,VALID_UNTIL_DT) values ('NCO','National Corporation',to_date('08-JAN-15','DD-MON-RR'),'Y',to_date('08-JAN-15','DD-MON-RR'),null);
Insert into VF_SPMC_REF.R_MAIN_SALES_CHAN (MAIN_SALES_CHANNEL_CD,MAIN_SALES_CHANNEL_DESC,CREATION_DT,CURR_FLAG_YN,VALID_FROM_DT,VALID_UNTIL_DT) values ('NIR','Northern Ireland',to_date('08-JAN-15','DD-MON-RR'),'Y',to_date('08-JAN-15','DD-MON-RR'),null);
Insert into VF_SPMC_REF.R_MAIN_SALES_CHAN (MAIN_SALES_CHANNEL_CD,MAIN_SALES_CHANNEL_DESC,CREATION_DT,CURR_FLAG_YN,VALID_FROM_DT,VALID_UNTIL_DT) values ('PUB','Public',to_date('08-JAN-15','DD-MON-RR'),'Y',to_date('08-JAN-15','DD-MON-RR'),null);
Insert into VF_SPMC_REF.R_MAIN_SALES_CHAN (MAIN_SALES_CHANNEL_CD,MAIN_SALES_CHANNEL_DESC,CREATION_DT,CURR_FLAG_YN,VALID_FROM_DT,VALID_UNTIL_DT) values ('PMD','Public Major Deals',to_date('08-JAN-15','DD-MON-RR'),'Y',to_date('08-JAN-15','DD-MON-RR'),null);
Insert into VF_SPMC_REF.R_MAIN_SALES_CHAN (MAIN_SALES_CHANNEL_CD,MAIN_SALES_CHANNEL_DESC,CREATION_DT,CURR_FLAG_YN,VALID_FROM_DT,VALID_UNTIL_DT) values ('RAP','Regional and Acquisition Public',to_date('08-JAN-15','DD-MON-RR'),'Y',to_date('08-JAN-15','DD-MON-RR'),null);
Insert into VF_SPMC_REF.R_MAIN_SALES_CHAN (MAIN_SALES_CHANNEL_CD,MAIN_SALES_CHANNEL_DESC,CREATION_DT,CURR_FLAG_YN,VALID_FROM_DT,VALID_UNTIL_DT) values ('RTT','Retail, Travel and Tourism',to_date('08-JAN-15','DD-MON-RR'),'Y',to_date('08-JAN-15','DD-MON-RR'),null);
Insert into VF_SPMC_REF.R_MAIN_SALES_CHAN (MAIN_SALES_CHANNEL_CD,MAIN_SALES_CHANNEL_DESC,CREATION_DT,CURR_FLAG_YN,VALID_FROM_DT,VALID_UNTIL_DT) values ('SAD','Security and Defence',to_date('08-JAN-15','DD-MON-RR'),'Y',to_date('08-JAN-15','DD-MON-RR'),null);
Insert into VF_SPMC_REF.R_MAIN_SALES_CHAN (MAIN_SALES_CHANNEL_CD,MAIN_SALES_CHANNEL_DESC,CREATION_DT,CURR_FLAG_YN,VALID_FROM_DT,VALID_UNTIL_DT) values ('SMA','SME',to_date('08-JAN-15','DD-MON-RR'),'Y',to_date('08-JAN-15','DD-MON-RR'),null);
Insert into VF_SPMC_REF.R_MAIN_SALES_CHAN (MAIN_SALES_CHANNEL_CD,MAIN_SALES_CHANNEL_DESC,CREATION_DT,CURR_FLAG_YN,VALID_FROM_DT,VALID_UNTIL_DT) values ('SMQ','SME Acquisition',to_date('08-JAN-15','DD-MON-RR'),'Y',to_date('08-JAN-15','DD-MON-RR'),null);
Insert into VF_SPMC_REF.R_MAIN_SALES_CHAN (MAIN_SALES_CHANNEL_CD,MAIN_SALES_CHANNEL_DESC,CREATION_DT,CURR_FLAG_YN,VALID_FROM_DT,VALID_UNTIL_DT) values ('SMF','SME Fixed',to_date('08-JAN-15','DD-MON-RR'),'Y',to_date('08-JAN-15','DD-MON-RR'),null);
Insert into VF_SPMC_REF.R_MAIN_SALES_CHAN (MAIN_SALES_CHANNEL_CD,MAIN_SALES_CHANNEL_DESC,CREATION_DT,CURR_FLAG_YN,VALID_FROM_DT,VALID_UNTIL_DT) values ('SMT','SME TAM',to_date('08-JAN-15','DD-MON-RR'),'Y',to_date('08-JAN-15','DD-MON-RR'),null);
Insert into VF_SPMC_REF.R_MAIN_SALES_CHAN (MAIN_SALES_CHANNEL_CD,MAIN_SALES_CHANNEL_DESC,CREATION_DT,CURR_FLAG_YN,VALID_FROM_DT,VALID_UNTIL_DT) values ('STT','SME TAM TEAM',to_date('08-JAN-15','DD-MON-RR'),'Y',to_date('08-JAN-15','DD-MON-RR'),null);
Insert into VF_SPMC_REF.R_MAIN_SALES_CHAN (MAIN_SALES_CHANNEL_CD,MAIN_SALES_CHANNEL_DESC,CREATION_DT,CURR_FLAG_YN,VALID_FROM_DT,VALID_UNTIL_DT) values ('SSU','Solution Sales - UC',to_date('08-JAN-15','DD-MON-RR'),'Y',to_date('08-JAN-15','DD-MON-RR'),null);
Insert into VF_SPMC_REF.R_MAIN_SALES_CHAN (MAIN_SALES_CHANNEL_CD,MAIN_SALES_CHANNEL_DESC,CREATION_DT,CURR_FLAG_YN,VALID_FROM_DT,VALID_UNTIL_DT) values ('UKB','UK Banking',to_date('08-JAN-15','DD-MON-RR'),'Y',to_date('08-JAN-15','DD-MON-RR'),null);
Insert into VF_SPMC_REF.R_MAIN_SALES_CHAN (MAIN_SALES_CHANNEL_CD,MAIN_SALES_CHANNEL_DESC,CREATION_DT,CURR_FLAG_YN,VALID_FROM_DT,VALID_UNTIL_DT) values ('UGI','UK General Insurance, Life and Pensions',to_date('08-JAN-15','DD-MON-RR'),'Y',to_date('08-JAN-15','DD-MON-RR'),null);
Insert into VF_SPMC_REF.R_MAIN_SALES_CHAN (MAIN_SALES_CHANNEL_CD,MAIN_SALES_CHANNEL_DESC,CREATION_DT,CURR_FLAG_YN,VALID_FROM_DT,VALID_UNTIL_DT) values ('UKR','UK Retail Other',to_date('08-JAN-15','DD-MON-RR'),'Y',to_date('08-JAN-15','DD-MON-RR'),null);
Insert into VF_SPMC_REF.R_MAIN_SALES_CHAN (MAIN_SALES_CHANNEL_CD,MAIN_SALES_CHANNEL_DESC,CREATION_DT,CURR_FLAG_YN,VALID_FROM_DT,VALID_UNTIL_DT) values ('UKU','UK Utilities and Environment',to_date('08-JAN-15','DD-MON-RR'),'Y',to_date('08-JAN-15','DD-MON-RR'),null);
Insert into VF_SPMC_REF.R_MAIN_SALES_CHAN (MAIN_SALES_CHANNEL_CD,MAIN_SALES_CHANNEL_DESC,CREATION_DT,CURR_FLAG_YN,VALID_FROM_DT,VALID_UNTIL_DT) values ('UAC','Utilities and Construction',to_date('08-JAN-15','DD-MON-RR'),'Y',to_date('08-JAN-15','DD-MON-RR'),null);
Insert into VF_SPMC_REF.R_MAIN_SALES_CHAN (MAIN_SALES_CHANNEL_CD,MAIN_SALES_CHANNEL_DESC,CREATION_DT,CURR_FLAG_YN,VALID_FROM_DT,VALID_UNTIL_DT) values ('VMM','VBS Mid-Market',to_date('08-JAN-15','DD-MON-RR'),'Y',to_date('08-JAN-15','DD-MON-RR'),null);
Insert into VF_SPMC_REF.R_MAIN_SALES_CHAN (MAIN_SALES_CHANNEL_CD,MAIN_SALES_CHANNEL_DESC,CREATION_DT,CURR_FLAG_YN,VALID_FROM_DT,VALID_UNTIL_DT) values ('VEQ','VGC Asia, Africa and Middle East',to_date('08-JAN-15','DD-MON-RR'),'Y',to_date('08-JAN-15','DD-MON-RR'),null);
Insert into VF_SPMC_REF.R_MAIN_SALES_CHAN (MAIN_SALES_CHANNEL_CD,MAIN_SALES_CHANNEL_DESC,CREATION_DT,CURR_FLAG_YN,VALID_FROM_DT,VALID_UNTIL_DT) values ('VCE','VGC Central',to_date('08-JAN-15','DD-MON-RR'),'Y',to_date('08-JAN-15','DD-MON-RR'),null);
Insert into VF_SPMC_REF.R_MAIN_SALES_CHAN (MAIN_SALES_CHANNEL_CD,MAIN_SALES_CHANNEL_DESC,CREATION_DT,CURR_FLAG_YN,VALID_FROM_DT,VALID_UNTIL_DT) values ('VNA','VGC North Atlantic',to_date('08-JAN-15','DD-MON-RR'),'Y',to_date('08-JAN-15','DD-MON-RR'),null);
Insert into VF_SPMC_REF.R_MAIN_SALES_CHAN (MAIN_SALES_CHANNEL_CD,MAIN_SALES_CHANNEL_DESC,CREATION_DT,CURR_FLAG_YN,VALID_FROM_DT,VALID_UNTIL_DT) values ('VAM','VGE Americas',to_date('08-JAN-15','DD-MON-RR'),'Y',to_date('08-JAN-15','DD-MON-RR'),null);
Insert into VF_SPMC_REF.R_MAIN_SALES_CHAN (MAIN_SALES_CHANNEL_CD,MAIN_SALES_CHANNEL_DESC,CREATION_DT,CURR_FLAG_YN,VALID_FROM_DT,VALID_UNTIL_DT) values ('VGC','VGE Central',to_date('08-JAN-15','DD-MON-RR'),'Y',to_date('08-JAN-15','DD-MON-RR'),null);
Insert into VF_SPMC_REF.R_MAIN_SALES_CHAN (MAIN_SALES_CHANNEL_CD,MAIN_SALES_CHANNEL_DESC,CREATION_DT,CURR_FLAG_YN,VALID_FROM_DT,VALID_UNTIL_DT) values ('VEM','VGE EMEA',to_date('08-JAN-15','DD-MON-RR'),'Y',to_date('08-JAN-15','DD-MON-RR'),null);
Insert into VF_SPMC_REF.R_MAIN_SALES_CHAN (MAIN_SALES_CHANNEL_CD,MAIN_SALES_CHANNEL_DESC,CREATION_DT,CURR_FLAG_YN,VALID_FROM_DT,VALID_UNTIL_DT) values ('VIN','VGE India',to_date('08-JAN-15','DD-MON-RR'),'Y',to_date('08-JAN-15','DD-MON-RR'),null);
Insert into VF_SPMC_REF.R_MAIN_SALES_CHAN (MAIN_SALES_CHANNEL_CD,MAIN_SALES_CHANNEL_DESC,CREATION_DT,CURR_FLAG_YN,VALID_FROM_DT,VALID_UNTIL_DT) values ('VUK','VGE UK',to_date('08-JAN-15','DD-MON-RR'),'Y',to_date('08-JAN-15','DD-MON-RR'),null);
REM INSERTING into VF_SPMC_REF.R_MICRO_SEG
SET DEFINE OFF;
Insert into VF_SPMC_REF.R_MICRO_SEG (MICRO_SEGMENT_CD,MICRO_SEGMENT_DESC,CREATION_DT,CURR_FLAG_YN,VALID_FROM_DT,VALID_UNTIL_DT) values ('AC1','Acquisition 1',to_date('08-JAN-15','DD-MON-RR'),'Y',to_date('08-JAN-15','DD-MON-RR'),null);
Insert into VF_SPMC_REF.R_MICRO_SEG (MICRO_SEGMENT_CD,MICRO_SEGMENT_DESC,CREATION_DT,CURR_FLAG_YN,VALID_FROM_DT,VALID_UNTIL_DT) values ('ABD','Acquisition Big Deals',to_date('08-JAN-15','DD-MON-RR'),'Y',to_date('08-JAN-15','DD-MON-RR'),null);
Insert into VF_SPMC_REF.R_MICRO_SEG (MICRO_SEGMENT_CD,MICRO_SEGMENT_DESC,CREATION_DT,CURR_FLAG_YN,VALID_FROM_DT,VALID_UNTIL_DT) values ('AFP','Acquisition Financial and Professional Services',to_date('08-JAN-15','DD-MON-RR'),'Y',to_date('08-JAN-15','DD-MON-RR'),null);
Insert into VF_SPMC_REF.R_MICRO_SEG (MICRO_SEGMENT_CD,MICRO_SEGMENT_DESC,CREATION_DT,CURR_FLAG_YN,VALID_FROM_DT,VALID_UNTIL_DT) values ('AMG','Acquisition Media, Gaming and Technology',to_date('08-JAN-15','DD-MON-RR'),'Y',to_date('08-JAN-15','DD-MON-RR'),null);
Insert into VF_SPMC_REF.R_MICRO_SEG (MICRO_SEGMENT_CD,MICRO_SEGMENT_DESC,CREATION_DT,CURR_FLAG_YN,VALID_FROM_DT,VALID_UNTIL_DT) values ('AME','Acquisition Mid Market Enterprise',to_date('08-JAN-15','DD-MON-RR'),'Y',to_date('08-JAN-15','DD-MON-RR'),null);
Insert into VF_SPMC_REF.R_MICRO_SEG (MICRO_SEGMENT_CD,MICRO_SEGMENT_DESC,CREATION_DT,CURR_FLAG_YN,VALID_FROM_DT,VALID_UNTIL_DT) values ('ART','Acquisition Retail, Travel and Tourism',to_date('08-JAN-15','DD-MON-RR'),'Y',to_date('08-JAN-15','DD-MON-RR'),null);
Insert into VF_SPMC_REF.R_MICRO_SEG (MICRO_SEGMENT_CD,MICRO_SEGMENT_DESC,CREATION_DT,CURR_FLAG_YN,VALID_FROM_DT,VALID_UNTIL_DT) values ('AUC','Acquisition Utilities and Construction',to_date('08-JAN-15','DD-MON-RR'),'Y',to_date('08-JAN-15','DD-MON-RR'),null);
Insert into VF_SPMC_REF.R_MICRO_SEG (MICRO_SEGMENT_CD,MICRO_SEGMENT_DESC,CREATION_DT,CURR_FLAG_YN,VALID_FROM_DT,VALID_UNTIL_DT) values ('BRA','Bravura',to_date('08-JAN-15','DD-MON-RR'),'Y',to_date('08-JAN-15','DD-MON-RR'),null);
Insert into VF_SPMC_REF.R_MICRO_SEG (MICRO_SEGMENT_CD,MICRO_SEGMENT_DESC,CREATION_DT,CURR_FLAG_YN,VALID_FROM_DT,VALID_UNTIL_DT) values ('BRO','Broadcast and PRS',to_date('08-JAN-15','DD-MON-RR'),'Y',to_date('08-JAN-15','DD-MON-RR'),null);
Insert into VF_SPMC_REF.R_MICRO_SEG (MICRO_SEGMENT_CD,MICRO_SEGMENT_DESC,CREATION_DT,CURR_FLAG_YN,VALID_FROM_DT,VALID_UNTIL_DT) values ('CEN','Central',to_date('08-JAN-15','DD-MON-RR'),'Y',to_date('08-JAN-15','DD-MON-RR'),null);
Insert into VF_SPMC_REF.R_MICRO_SEG (MICRO_SEGMENT_CD,MICRO_SEGMENT_DESC,CREATION_DT,CURR_FLAG_YN,VALID_FROM_DT,VALID_UNTIL_DT) values ('CGV','Central Government',to_date('08-JAN-15','DD-MON-RR'),'Y',to_date('08-JAN-15','DD-MON-RR'),null);
Insert into VF_SPMC_REF.R_MICRO_SEG (MICRO_SEGMENT_CD,MICRO_SEGMENT_DESC,CREATION_DT,CURR_FLAG_YN,VALID_FROM_DT,VALID_UNTIL_DT) values ('CG1','Central Government 1',to_date('08-JAN-15','DD-MON-RR'),'Y',to_date('08-JAN-15','DD-MON-RR'),null);
Insert into VF_SPMC_REF.R_MICRO_SEG (MICRO_SEGMENT_CD,MICRO_SEGMENT_DESC,CREATION_DT,CURR_FLAG_YN,VALID_FROM_DT,VALID_UNTIL_DT) values ('CON','Construction',to_date('08-JAN-15','DD-MON-RR'),'Y',to_date('08-JAN-15','DD-MON-RR'),null);
Insert into VF_SPMC_REF.R_MICRO_SEG (MICRO_SEGMENT_CD,MICRO_SEGMENT_DESC,CREATION_DT,CURR_FLAG_YN,VALID_FROM_DT,VALID_UNTIL_DT) values ('COU','Construction and Utilities',to_date('08-JAN-15','DD-MON-RR'),'Y',to_date('08-JAN-15','DD-MON-RR'),null);
Insert into VF_SPMC_REF.R_MICRO_SEG (MICRO_SEGMENT_CD,MICRO_SEGMENT_DESC,CREATION_DT,CURR_FLAG_YN,VALID_FROM_DT,VALID_UNTIL_DT) values ('DBA','Desk Based Accounts',to_date('08-JAN-15','DD-MON-RR'),'Y',to_date('08-JAN-15','DD-MON-RR'),null);
Insert into VF_SPMC_REF.R_MICRO_SEG (MICRO_SEGMENT_CD,MICRO_SEGMENT_DESC,CREATION_DT,CURR_FLAG_YN,VALID_FROM_DT,VALID_UNTIL_DT) values ('ECH','ECHO',to_date('08-JAN-15','DD-MON-RR'),'Y',to_date('08-JAN-15','DD-MON-RR'),null);
Insert into VF_SPMC_REF.R_MICRO_SEG (MICRO_SEGMENT_CD,MICRO_SEGMENT_DESC,CREATION_DT,CURR_FLAG_YN,VALID_FROM_DT,VALID_UNTIL_DT) values ('FT1','FandPS Team 1',to_date('08-JAN-15','DD-MON-RR'),'Y',to_date('08-JAN-15','DD-MON-RR'),null);
Insert into VF_SPMC_REF.R_MICRO_SEG (MICRO_SEGMENT_CD,MICRO_SEGMENT_DESC,CREATION_DT,CURR_FLAG_YN,VALID_FROM_DT,VALID_UNTIL_DT) values ('FT2','FandPS Team 2',to_date('08-JAN-15','DD-MON-RR'),'Y',to_date('08-JAN-15','DD-MON-RR'),null);
Insert into VF_SPMC_REF.R_MICRO_SEG (MICRO_SEGMENT_CD,MICRO_SEGMENT_DESC,CREATION_DT,CURR_FLAG_YN,VALID_FROM_DT,VALID_UNTIL_DT) values ('FIE','Field',to_date('08-JAN-15','DD-MON-RR'),'Y',to_date('08-JAN-15','DD-MON-RR'),null);
Insert into VF_SPMC_REF.R_MICRO_SEG (MICRO_SEGMENT_CD,MICRO_SEGMENT_DESC,CREATION_DT,CURR_FLAG_YN,VALID_FROM_DT,VALID_UNTIL_DT) values ('FDB','Field BDM',to_date('08-JAN-15','DD-MON-RR'),'Y',to_date('08-JAN-15','DD-MON-RR'),null);
Insert into VF_SPMC_REF.R_MICRO_SEG (MICRO_SEGMENT_CD,MICRO_SEGMENT_DESC,CREATION_DT,CURR_FLAG_YN,VALID_FROM_DT,VALID_UNTIL_DT) values ('FNO','Field North',to_date('08-JAN-15','DD-MON-RR'),'Y',to_date('08-JAN-15','DD-MON-RR'),null);
Insert into VF_SPMC_REF.R_MICRO_SEG (MICRO_SEGMENT_CD,MICRO_SEGMENT_DESC,CREATION_DT,CURR_FLAG_YN,VALID_FROM_DT,VALID_UNTIL_DT) values ('FSO','Field South',to_date('08-JAN-15','DD-MON-RR'),'Y',to_date('08-JAN-15','DD-MON-RR'),null);
Insert into VF_SPMC_REF.R_MICRO_SEG (MICRO_SEGMENT_CD,MICRO_SEGMENT_DESC,CREATION_DT,CURR_FLAG_YN,VALID_FROM_DT,VALID_UNTIL_DT) values ('FPS','Financial and Professional Services',to_date('08-JAN-15','DD-MON-RR'),'Y',to_date('08-JAN-15','DD-MON-RR'),null);
Insert into VF_SPMC_REF.R_MICRO_SEG (MICRO_SEGMENT_CD,MICRO_SEGMENT_DESC,CREATION_DT,CURR_FLAG_YN,VALID_FROM_DT,VALID_UNTIL_DT) values ('HMR','HMRC',to_date('08-JAN-15','DD-MON-RR'),'Y',to_date('08-JAN-15','DD-MON-RR'),null);
Insert into VF_SPMC_REF.R_MICRO_SEG (MICRO_SEGMENT_CD,MICRO_SEGMENT_DESC,CREATION_DT,CURR_FLAG_YN,VALID_FROM_DT,VALID_UNTIL_DT) values ('HOO','Home Office',to_date('08-JAN-15','DD-MON-RR'),'Y',to_date('08-JAN-15','DD-MON-RR'),null);
Insert into VF_SPMC_REF.R_MICRO_SEG (MICRO_SEGMENT_CD,MICRO_SEGMENT_DESC,CREATION_DT,CURR_FLAG_YN,VALID_FROM_DT,VALID_UNTIL_DT) values ('ISP','ISPs',to_date('08-JAN-15','DD-MON-RR'),'Y',to_date('08-JAN-15','DD-MON-RR'),null);
Insert into VF_SPMC_REF.R_MICRO_SEG (MICRO_SEGMENT_CD,MICRO_SEGMENT_DESC,CREATION_DT,CURR_FLAG_YN,VALID_FROM_DT,VALID_UNTIL_DT) values ('JUS','Justice',to_date('08-JAN-15','DD-MON-RR'),'Y',to_date('08-JAN-15','DD-MON-RR'),null);
Insert into VF_SPMC_REF.R_MICRO_SEG (MICRO_SEGMENT_CD,MICRO_SEGMENT_DESC,CREATION_DT,CURR_FLAG_YN,VALID_FROM_DT,VALID_UNTIL_DT) values ('LGV','Local Government',to_date('08-JAN-15','DD-MON-RR'),'Y',to_date('08-JAN-15','DD-MON-RR'),null);
Insert into VF_SPMC_REF.R_MICRO_SEG (MICRO_SEGMENT_CD,MICRO_SEGMENT_DESC,CREATION_DT,CURR_FLAG_YN,VALID_FROM_DT,VALID_UNTIL_DT) values ('LSE','London and South East',to_date('08-JAN-15','DD-MON-RR'),'Y',to_date('08-JAN-15','DD-MON-RR'),null);
Insert into VF_SPMC_REF.R_MICRO_SEG (MICRO_SEGMENT_CD,MICRO_SEGMENT_DESC,CREATION_DT,CURR_FLAG_YN,VALID_FROM_DT,VALID_UNTIL_DT) values ('MMD','Mid Market Desk Based',to_date('08-JAN-15','DD-MON-RR'),'Y',to_date('08-JAN-15','DD-MON-RR'),null);
Insert into VF_SPMC_REF.R_MICRO_SEG (MICRO_SEGMENT_CD,MICRO_SEGMENT_DESC,CREATION_DT,CURR_FLAG_YN,VALID_FROM_DT,VALID_UNTIL_DT) values ('MML','Mid Market London',to_date('08-JAN-15','DD-MON-RR'),'Y',to_date('08-JAN-15','DD-MON-RR'),null);
Insert into VF_SPMC_REF.R_MICRO_SEG (MICRO_SEGMENT_CD,MICRO_SEGMENT_DESC,CREATION_DT,CURR_FLAG_YN,VALID_FROM_DT,VALID_UNTIL_DT) values ('MMM','Mid Market Midlands',to_date('08-JAN-15','DD-MON-RR'),'Y',to_date('08-JAN-15','DD-MON-RR'),null);
Insert into VF_SPMC_REF.R_MICRO_SEG (MICRO_SEGMENT_CD,MICRO_SEGMENT_DESC,CREATION_DT,CURR_FLAG_YN,VALID_FROM_DT,VALID_UNTIL_DT) values ('MMP','Mid Market Public',to_date('08-JAN-15','DD-MON-RR'),'Y',to_date('08-JAN-15','DD-MON-RR'),null);
Insert into VF_SPMC_REF.R_MICRO_SEG (MICRO_SEGMENT_CD,MICRO_SEGMENT_DESC,CREATION_DT,CURR_FLAG_YN,VALID_FROM_DT,VALID_UNTIL_DT) values ('MSN','Mid Market Scotland and NE',to_date('08-JAN-15','DD-MON-RR'),'Y',to_date('08-JAN-15','DD-MON-RR'),null);
Insert into VF_SPMC_REF.R_MICRO_SEG (MICRO_SEGMENT_CD,MICRO_SEGMENT_DESC,CREATION_DT,CURR_FLAG_YN,VALID_FROM_DT,VALID_UNTIL_DT) values ('MSC','Mid Market Scotland / NE',to_date('08-JAN-15','DD-MON-RR'),'Y',to_date('08-JAN-15','DD-MON-RR'),null);
Insert into VF_SPMC_REF.R_MICRO_SEG (MICRO_SEGMENT_CD,MICRO_SEGMENT_DESC,CREATION_DT,CURR_FLAG_YN,VALID_FROM_DT,VALID_UNTIL_DT) values ('MSE','Mid Market South East',to_date('08-JAN-15','DD-MON-RR'),'Y',to_date('08-JAN-15','DD-MON-RR'),null);
Insert into VF_SPMC_REF.R_MICRO_SEG (MICRO_SEGMENT_CD,MICRO_SEGMENT_DESC,CREATION_DT,CURR_FLAG_YN,VALID_FROM_DT,VALID_UNTIL_DT) values ('MSW','Mid Market South West',to_date('08-JAN-15','DD-MON-RR'),'Y',to_date('08-JAN-15','DD-MON-RR'),null);
Insert into VF_SPMC_REF.R_MICRO_SEG (MICRO_SEGMENT_CD,MICRO_SEGMENT_DESC,CREATION_DT,CURR_FLAG_YN,VALID_FROM_DT,VALID_UNTIL_DT) values ('MID','Midlands',to_date('08-JAN-15','DD-MON-RR'),'Y',to_date('08-JAN-15','DD-MON-RR'),null);
Insert into VF_SPMC_REF.R_MICRO_SEG (MICRO_SEGMENT_CD,MICRO_SEGMENT_DESC,CREATION_DT,CURR_FLAG_YN,VALID_FROM_DT,VALID_UNTIL_DT) values ('MMS','MME South East',to_date('08-JAN-15','DD-MON-RR'),'Y',to_date('08-JAN-15','DD-MON-RR'),null);
Insert into VF_SPMC_REF.R_MICRO_SEG (MICRO_SEGMENT_CD,MICRO_SEGMENT_DESC,CREATION_DT,CURR_FLAG_YN,VALID_FROM_DT,VALID_UNTIL_DT) values ('MOD','MOD',to_date('08-JAN-15','DD-MON-RR'),'Y',to_date('08-JAN-15','DD-MON-RR'),null);
Insert into VF_SPMC_REF.R_MICRO_SEG (MICRO_SEGMENT_CD,MICRO_SEGMENT_DESC,CREATION_DT,CURR_FLAG_YN,VALID_FROM_DT,VALID_UNTIL_DT) values ('NCA','NC-ATLAS',to_date('08-JAN-15','DD-MON-RR'),'Y',to_date('08-JAN-15','DD-MON-RR'),null);
Insert into VF_SPMC_REF.R_MICRO_SEG (MICRO_SEGMENT_CD,MICRO_SEGMENT_DESC,CREATION_DT,CURR_FLAG_YN,VALID_FROM_DT,VALID_UNTIL_DT) values ('NCP','NC-ATLAS/Partner',to_date('08-JAN-15','DD-MON-RR'),'Y',to_date('08-JAN-15','DD-MON-RR'),null);
Insert into VF_SPMC_REF.R_MICRO_SEG (MICRO_SEGMENT_CD,MICRO_SEGMENT_DESC,CREATION_DT,CURR_FLAG_YN,VALID_FROM_DT,VALID_UNTIL_DT) values ('NPA','NC-ATLAS/PSU',to_date('08-JAN-15','DD-MON-RR'),'Y',to_date('08-JAN-15','DD-MON-RR'),null);
Insert into VF_SPMC_REF.R_MICRO_SEG (MICRO_SEGMENT_CD,MICRO_SEGMENT_DESC,CREATION_DT,CURR_FLAG_YN,VALID_FROM_DT,VALID_UNTIL_DT) values ('NSA','NC-ATLAS/Strategic Ac',to_date('08-JAN-15','DD-MON-RR'),'Y',to_date('08-JAN-15','DD-MON-RR'),null);
Insert into VF_SPMC_REF.R_MICRO_SEG (MICRO_SEGMENT_CD,MICRO_SEGMENT_DESC,CREATION_DT,CURR_FLAG_YN,VALID_FROM_DT,VALID_UNTIL_DT) values ('NKA','NC-Key account',to_date('08-JAN-15','DD-MON-RR'),'Y',to_date('08-JAN-15','DD-MON-RR'),null);
Insert into VF_SPMC_REF.R_MICRO_SEG (MICRO_SEGMENT_CD,MICRO_SEGMENT_DESC,CREATION_DT,CURR_FLAG_YN,VALID_FROM_DT,VALID_UNTIL_DT) values ('NPS','NC-PSU',to_date('08-JAN-15','DD-MON-RR'),'Y',to_date('08-JAN-15','DD-MON-RR'),null);
Insert into VF_SPMC_REF.R_MICRO_SEG (MICRO_SEGMENT_CD,MICRO_SEGMENT_DESC,CREATION_DT,CURR_FLAG_YN,VALID_FROM_DT,VALID_UNTIL_DT) values ('NAC','NC-Strategic Ac',to_date('08-JAN-15','DD-MON-RR'),'Y',to_date('08-JAN-15','DD-MON-RR'),null);
Insert into VF_SPMC_REF.R_MICRO_SEG (MICRO_SEGMENT_CD,MICRO_SEGMENT_DESC,CREATION_DT,CURR_FLAG_YN,VALID_FROM_DT,VALID_UNTIL_DT) values ('NME','New Media',to_date('08-JAN-15','DD-MON-RR'),'Y',to_date('08-JAN-15','DD-MON-RR'),null);
Insert into VF_SPMC_REF.R_MICRO_SEG (MICRO_SEGMENT_CD,MICRO_SEGMENT_DESC,CREATION_DT,CURR_FLAG_YN,VALID_FROM_DT,VALID_UNTIL_DT) values ('NHS','NHS Mail',to_date('08-JAN-15','DD-MON-RR'),'Y',to_date('08-JAN-15','DD-MON-RR'),null);
Insert into VF_SPMC_REF.R_MICRO_SEG (MICRO_SEGMENT_CD,MICRO_SEGMENT_DESC,CREATION_DT,CURR_FLAG_YN,VALID_FROM_DT,VALID_UNTIL_DT) values ('NOR','North',to_date('08-JAN-15','DD-MON-RR'),'Y',to_date('08-JAN-15','DD-MON-RR'),null);
Insert into VF_SPMC_REF.R_MICRO_SEG (MICRO_SEGMENT_CD,MICRO_SEGMENT_DESC,CREATION_DT,CURR_FLAG_YN,VALID_FROM_DT,VALID_UNTIL_DT) values ('NOE','North East',to_date('08-JAN-15','DD-MON-RR'),'Y',to_date('08-JAN-15','DD-MON-RR'),null);
Insert into VF_SPMC_REF.R_MICRO_SEG (MICRO_SEGMENT_CD,MICRO_SEGMENT_DESC,CREATION_DT,CURR_FLAG_YN,VALID_FROM_DT,VALID_UNTIL_DT) values ('NOW','North West',to_date('08-JAN-15','DD-MON-RR'),'Y',to_date('08-JAN-15','DD-MON-RR'),null);
Insert into VF_SPMC_REF.R_MICRO_SEG (MICRO_SEGMENT_CD,MICRO_SEGMENT_DESC,CREATION_DT,CURR_FLAG_YN,VALID_FROM_DT,VALID_UNTIL_DT) values ('NIP','Northern Ireland Private',to_date('08-JAN-15','DD-MON-RR'),'Y',to_date('08-JAN-15','DD-MON-RR'),null);
Insert into VF_SPMC_REF.R_MICRO_SEG (MICRO_SEGMENT_CD,MICRO_SEGMENT_DESC,CREATION_DT,CURR_FLAG_YN,VALID_FROM_DT,VALID_UNTIL_DT) values ('NIU','Northern Ireland Public',to_date('08-JAN-15','DD-MON-RR'),'Y',to_date('08-JAN-15','DD-MON-RR'),null);
Insert into VF_SPMC_REF.R_MICRO_SEG (MICRO_SEGMENT_CD,MICRO_SEGMENT_DESC,CREATION_DT,CURR_FLAG_YN,VALID_FROM_DT,VALID_UNTIL_DT) values ('PMD','Public Major Deals',to_date('08-JAN-15','DD-MON-RR'),'Y',to_date('08-JAN-15','DD-MON-RR'),null);
Insert into VF_SPMC_REF.R_MICRO_SEG (MICRO_SEGMENT_CD,MICRO_SEGMENT_DESC,CREATION_DT,CURR_FLAG_YN,VALID_FROM_DT,VALID_UNTIL_DT) values ('PST','Public Sector TAM',to_date('08-JAN-15','DD-MON-RR'),'Y',to_date('08-JAN-15','DD-MON-RR'),null);
Insert into VF_SPMC_REF.R_MICRO_SEG (MICRO_SEGMENT_CD,MICRO_SEGMENT_DESC,CREATION_DT,CURR_FLAG_YN,VALID_FROM_DT,VALID_UNTIL_DT) values ('REG','Regional Health',to_date('08-JAN-15','DD-MON-RR'),'Y',to_date('08-JAN-15','DD-MON-RR'),null);
Insert into VF_SPMC_REF.R_MICRO_SEG (MICRO_SEGMENT_CD,MICRO_SEGMENT_DESC,CREATION_DT,CURR_FLAG_YN,VALID_FROM_DT,VALID_UNTIL_DT) values ('RET','Retail',to_date('08-JAN-15','DD-MON-RR'),'Y',to_date('08-JAN-15','DD-MON-RR'),null);
Insert into VF_SPMC_REF.R_MICRO_SEG (MICRO_SEGMENT_CD,MICRO_SEGMENT_DESC,CREATION_DT,CURR_FLAG_YN,VALID_FROM_DT,VALID_UNTIL_DT) values ('RTT','Retail, Travel and Tourism',to_date('08-JAN-15','DD-MON-RR'),'Y',to_date('08-JAN-15','DD-MON-RR'),null);
Insert into VF_SPMC_REF.R_MICRO_SEG (MICRO_SEGMENT_CD,MICRO_SEGMENT_DESC,CREATION_DT,CURR_FLAG_YN,VALID_FROM_DT,VALID_UNTIL_DT) values ('SCO','Scotland',to_date('08-JAN-15','DD-MON-RR'),'Y',to_date('08-JAN-15','DD-MON-RR'),null);
Insert into VF_SPMC_REF.R_MICRO_SEG (MICRO_SEGMENT_CD,MICRO_SEGMENT_DESC,CREATION_DT,CURR_FLAG_YN,VALID_FROM_DT,VALID_UNTIL_DT) values ('SIP','SI Partners',to_date('08-JAN-15','DD-MON-RR'),'Y',to_date('08-JAN-15','DD-MON-RR'),null);
Insert into VF_SPMC_REF.R_MICRO_SEG (MICRO_SEGMENT_CD,MICRO_SEGMENT_DESC,CREATION_DT,CURR_FLAG_YN,VALID_FROM_DT,VALID_UNTIL_DT) values ('SIA','SIA',to_date('08-JAN-15','DD-MON-RR'),'Y',to_date('08-JAN-15','DD-MON-RR'),null);
Insert into VF_SPMC_REF.R_MICRO_SEG (MICRO_SEGMENT_CD,MICRO_SEGMENT_DESC,CREATION_DT,CURR_FLAG_YN,VALID_FROM_DT,VALID_UNTIL_DT) values ('SSM','Small SME',to_date('08-JAN-15','DD-MON-RR'),'Y',to_date('08-JAN-15','DD-MON-RR'),null);
Insert into VF_SPMC_REF.R_MICRO_SEG (MICRO_SEGMENT_CD,MICRO_SEGMENT_DESC,CREATION_DT,CURR_FLAG_YN,VALID_FROM_DT,VALID_UNTIL_DT) values ('SF1','SME Fixed 1',to_date('08-JAN-15','DD-MON-RR'),'Y',to_date('08-JAN-15','DD-MON-RR'),null);
Insert into VF_SPMC_REF.R_MICRO_SEG (MICRO_SEGMENT_CD,MICRO_SEGMENT_DESC,CREATION_DT,CURR_FLAG_YN,VALID_FROM_DT,VALID_UNTIL_DT) values ('SMR','SME Retention',to_date('08-JAN-15','DD-MON-RR'),'Y',to_date('08-JAN-15','DD-MON-RR'),null);
Insert into VF_SPMC_REF.R_MICRO_SEG (MICRO_SEGMENT_CD,MICRO_SEGMENT_DESC,CREATION_DT,CURR_FLAG_YN,VALID_FROM_DT,VALID_UNTIL_DT) values ('SMT','SME TAM',to_date('08-JAN-15','DD-MON-RR'),'Y',to_date('08-JAN-15','DD-MON-RR'),null);
Insert into VF_SPMC_REF.R_MICRO_SEG (MICRO_SEGMENT_CD,MICRO_SEGMENT_DESC,CREATION_DT,CURR_FLAG_YN,VALID_FROM_DT,VALID_UNTIL_DT) values ('STT','SME TAM Team',to_date('08-JAN-15','DD-MON-RR'),'Y',to_date('08-JAN-15','DD-MON-RR'),null);
Insert into VF_SPMC_REF.R_MICRO_SEG (MICRO_SEGMENT_CD,MICRO_SEGMENT_DESC,CREATION_DT,CURR_FLAG_YN,VALID_FROM_DT,VALID_UNTIL_DT) values ('SM1','SME Team 1',to_date('08-JAN-15','DD-MON-RR'),'Y',to_date('08-JAN-15','DD-MON-RR'),null);
Insert into VF_SPMC_REF.R_MICRO_SEG (MICRO_SEGMENT_CD,MICRO_SEGMENT_DESC,CREATION_DT,CURR_FLAG_YN,VALID_FROM_DT,VALID_UNTIL_DT) values ('S10','SME Team 10',to_date('08-JAN-15','DD-MON-RR'),'Y',to_date('08-JAN-15','DD-MON-RR'),null);
Insert into VF_SPMC_REF.R_MICRO_SEG (MICRO_SEGMENT_CD,MICRO_SEGMENT_DESC,CREATION_DT,CURR_FLAG_YN,VALID_FROM_DT,VALID_UNTIL_DT) values ('SM2','SME Team 2',to_date('08-JAN-15','DD-MON-RR'),'Y',to_date('08-JAN-15','DD-MON-RR'),null);
Insert into VF_SPMC_REF.R_MICRO_SEG (MICRO_SEGMENT_CD,MICRO_SEGMENT_DESC,CREATION_DT,CURR_FLAG_YN,VALID_FROM_DT,VALID_UNTIL_DT) values ('SM3','SME Team 3',to_date('08-JAN-15','DD-MON-RR'),'Y',to_date('08-JAN-15','DD-MON-RR'),null);
Insert into VF_SPMC_REF.R_MICRO_SEG (MICRO_SEGMENT_CD,MICRO_SEGMENT_DESC,CREATION_DT,CURR_FLAG_YN,VALID_FROM_DT,VALID_UNTIL_DT) values ('SM4','SME Team 4',to_date('08-JAN-15','DD-MON-RR'),'Y',to_date('08-JAN-15','DD-MON-RR'),null);
Insert into VF_SPMC_REF.R_MICRO_SEG (MICRO_SEGMENT_CD,MICRO_SEGMENT_DESC,CREATION_DT,CURR_FLAG_YN,VALID_FROM_DT,VALID_UNTIL_DT) values ('SM5','SME Team 5',to_date('08-JAN-15','DD-MON-RR'),'Y',to_date('08-JAN-15','DD-MON-RR'),null);
Insert into VF_SPMC_REF.R_MICRO_SEG (MICRO_SEGMENT_CD,MICRO_SEGMENT_DESC,CREATION_DT,CURR_FLAG_YN,VALID_FROM_DT,VALID_UNTIL_DT) values ('SM6','SME Team 6',to_date('08-JAN-15','DD-MON-RR'),'Y',to_date('08-JAN-15','DD-MON-RR'),null);
Insert into VF_SPMC_REF.R_MICRO_SEG (MICRO_SEGMENT_CD,MICRO_SEGMENT_DESC,CREATION_DT,CURR_FLAG_YN,VALID_FROM_DT,VALID_UNTIL_DT) values ('SM7','SME Team 7',to_date('08-JAN-15','DD-MON-RR'),'Y',to_date('08-JAN-15','DD-MON-RR'),null);
Insert into VF_SPMC_REF.R_MICRO_SEG (MICRO_SEGMENT_CD,MICRO_SEGMENT_DESC,CREATION_DT,CURR_FLAG_YN,VALID_FROM_DT,VALID_UNTIL_DT) values ('SM8','SME Team 8',to_date('08-JAN-15','DD-MON-RR'),'Y',to_date('08-JAN-15','DD-MON-RR'),null);
Insert into VF_SPMC_REF.R_MICRO_SEG (MICRO_SEGMENT_CD,MICRO_SEGMENT_DESC,CREATION_DT,CURR_FLAG_YN,VALID_FROM_DT,VALID_UNTIL_DT) values ('SM9','SME Team 9',to_date('08-JAN-15','DD-MON-RR'),'Y',to_date('08-JAN-15','DD-MON-RR'),null);
Insert into VF_SPMC_REF.R_MICRO_SEG (MICRO_SEGMENT_CD,MICRO_SEGMENT_DESC,CREATION_DT,CURR_FLAG_YN,VALID_FROM_DT,VALID_UNTIL_DT) values ('SEE','SME-Emerging Enterprises (51 - 100 Cr)',to_date('08-JAN-15','DD-MON-RR'),'Y',to_date('08-JAN-15','DD-MON-RR'),null);
Insert into VF_SPMC_REF.R_MICRO_SEG (MICRO_SEGMENT_CD,MICRO_SEGMENT_DESC,CREATION_DT,CURR_FLAG_YN,VALID_FROM_DT,VALID_UNTIL_DT) values ('SSE','SME-Small Enterprises (10 - 50 Cr)',to_date('08-JAN-15','DD-MON-RR'),'Y',to_date('08-JAN-15','DD-MON-RR'),null);
Insert into VF_SPMC_REF.R_MICRO_SEG (MICRO_SEGMENT_CD,MICRO_SEGMENT_DESC,CREATION_DT,CURR_FLAG_YN,VALID_FROM_DT,VALID_UNTIL_DT) values ('TA1','TAM 1',to_date('08-JAN-15','DD-MON-RR'),'Y',to_date('08-JAN-15','DD-MON-RR'),null);
Insert into VF_SPMC_REF.R_MICRO_SEG (MICRO_SEGMENT_CD,MICRO_SEGMENT_DESC,CREATION_DT,CURR_FLAG_YN,VALID_FROM_DT,VALID_UNTIL_DT) values ('TA2','TAM 2',to_date('08-JAN-15','DD-MON-RR'),'Y',to_date('08-JAN-15','DD-MON-RR'),null);
Insert into VF_SPMC_REF.R_MICRO_SEG (MICRO_SEGMENT_CD,MICRO_SEGMENT_DESC,CREATION_DT,CURR_FLAG_YN,VALID_FROM_DT,VALID_UNTIL_DT) values ('TB1','Tele BDM 1',to_date('08-JAN-15','DD-MON-RR'),'Y',to_date('08-JAN-15','DD-MON-RR'),null);
Insert into VF_SPMC_REF.R_MICRO_SEG (MICRO_SEGMENT_CD,MICRO_SEGMENT_DESC,CREATION_DT,CURR_FLAG_YN,VALID_FROM_DT,VALID_UNTIL_DT) values ('TB2','Tele BDM 2',to_date('08-JAN-15','DD-MON-RR'),'Y',to_date('08-JAN-15','DD-MON-RR'),null);
Insert into VF_SPMC_REF.R_MICRO_SEG (MICRO_SEGMENT_CD,MICRO_SEGMENT_DESC,CREATION_DT,CURR_FLAG_YN,VALID_FROM_DT,VALID_UNTIL_DT) values ('TAT','Travel and Tourism',to_date('08-JAN-15','DD-MON-RR'),'Y',to_date('08-JAN-15','DD-MON-RR'),null);
Insert into VF_SPMC_REF.R_MICRO_SEG (MICRO_SEGMENT_CD,MICRO_SEGMENT_DESC,CREATION_DT,CURR_FLAG_YN,VALID_FROM_DT,VALID_UNTIL_DT) values ('UBD','UC - BD Desk Based',to_date('08-JAN-15','DD-MON-RR'),'Y',to_date('08-JAN-15','DD-MON-RR'),null);
Insert into VF_SPMC_REF.R_MICRO_SEG (MICRO_SEGMENT_CD,MICRO_SEGMENT_DESC,CREATION_DT,CURR_FLAG_YN,VALID_FROM_DT,VALID_UNTIL_DT) values ('UKB','UK Banking',to_date('08-JAN-15','DD-MON-RR'),'Y',to_date('08-JAN-15','DD-MON-RR'),null);
Insert into VF_SPMC_REF.R_MICRO_SEG (MICRO_SEGMENT_CD,MICRO_SEGMENT_DESC,CREATION_DT,CURR_FLAG_YN,VALID_FROM_DT,VALID_UNTIL_DT) values ('UKG','UK General Insurance, Life and Pensions',to_date('08-JAN-15','DD-MON-RR'),'Y',to_date('08-JAN-15','DD-MON-RR'),null);
Insert into VF_SPMC_REF.R_MICRO_SEG (MICRO_SEGMENT_CD,MICRO_SEGMENT_DESC,CREATION_DT,CURR_FLAG_YN,VALID_FROM_DT,VALID_UNTIL_DT) values ('UKR','UK Retail Other',to_date('08-JAN-15','DD-MON-RR'),'Y',to_date('08-JAN-15','DD-MON-RR'),null);
Insert into VF_SPMC_REF.R_MICRO_SEG (MICRO_SEGMENT_CD,MICRO_SEGMENT_DESC,CREATION_DT,CURR_FLAG_YN,VALID_FROM_DT,VALID_UNTIL_DT) values ('UKU','UK Utilities and Environment',to_date('08-JAN-15','DD-MON-RR'),'Y',to_date('08-JAN-15','DD-MON-RR'),null);
Insert into VF_SPMC_REF.R_MICRO_SEG (MICRO_SEGMENT_CD,MICRO_SEGMENT_DESC,CREATION_DT,CURR_FLAG_YN,VALID_FROM_DT,VALID_UNTIL_DT) values ('UAC','Utilities and Construction',to_date('08-JAN-15','DD-MON-RR'),'Y',to_date('08-JAN-15','DD-MON-RR'),null);
Insert into VF_SPMC_REF.R_MICRO_SEG (MICRO_SEGMENT_CD,MICRO_SEGMENT_DESC,CREATION_DT,CURR_FLAG_YN,VALID_FROM_DT,VALID_UNTIL_DT) values ('UAE','Utilities and Engineering',to_date('08-JAN-15','DD-MON-RR'),'Y',to_date('08-JAN-15','DD-MON-RR'),null);
Insert into VF_SPMC_REF.R_MICRO_SEG (MICRO_SEGMENT_CD,MICRO_SEGMENT_DESC,CREATION_DT,CURR_FLAG_YN,VALID_FROM_DT,VALID_UNTIL_DT) values ('UNG','Utilities/Engineering',to_date('08-JAN-15','DD-MON-RR'),'Y',to_date('08-JAN-15','DD-MON-RR'),null);
Insert into VF_SPMC_REF.R_MICRO_SEG (MICRO_SEGMENT_CD,MICRO_SEGMENT_DESC,CREATION_DT,CURR_FLAG_YN,VALID_FROM_DT,VALID_UNTIL_DT) values ('VMM','VBS Mid-Market',to_date('08-JAN-15','DD-MON-RR'),'Y',to_date('08-JAN-15','DD-MON-RR'),null);
Insert into VF_SPMC_REF.R_MICRO_SEG (MICRO_SEGMENT_CD,MICRO_SEGMENT_DESC,CREATION_DT,CURR_FLAG_YN,VALID_FROM_DT,VALID_UNTIL_DT) values ('VEQ','VGC Asia, Africa and Middle East',to_date('08-JAN-15','DD-MON-RR'),'Y',to_date('08-JAN-15','DD-MON-RR'),null);
Insert into VF_SPMC_REF.R_MICRO_SEG (MICRO_SEGMENT_CD,MICRO_SEGMENT_DESC,CREATION_DT,CURR_FLAG_YN,VALID_FROM_DT,VALID_UNTIL_DT) values ('VCE','VGC Central',to_date('08-JAN-15','DD-MON-RR'),'Y',to_date('08-JAN-15','DD-MON-RR'),null);
Insert into VF_SPMC_REF.R_MICRO_SEG (MICRO_SEGMENT_CD,MICRO_SEGMENT_DESC,CREATION_DT,CURR_FLAG_YN,VALID_FROM_DT,VALID_UNTIL_DT) values ('VNA','VGC North Atlantic',to_date('08-JAN-15','DD-MON-RR'),'Y',to_date('08-JAN-15','DD-MON-RR'),null);
Insert into VF_SPMC_REF.R_MICRO_SEG (MICRO_SEGMENT_CD,MICRO_SEGMENT_DESC,CREATION_DT,CURR_FLAG_YN,VALID_FROM_DT,VALID_UNTIL_DT) values ('VAM','VGE Americas',to_date('08-JAN-15','DD-MON-RR'),'Y',to_date('08-JAN-15','DD-MON-RR'),null);
Insert into VF_SPMC_REF.R_MICRO_SEG (MICRO_SEGMENT_CD,MICRO_SEGMENT_DESC,CREATION_DT,CURR_FLAG_YN,VALID_FROM_DT,VALID_UNTIL_DT) values ('VEM','VGE EMEA',to_date('08-JAN-15','DD-MON-RR'),'Y',to_date('08-JAN-15','DD-MON-RR'),null);
Insert into VF_SPMC_REF.R_MICRO_SEG (MICRO_SEGMENT_CD,MICRO_SEGMENT_DESC,CREATION_DT,CURR_FLAG_YN,VALID_FROM_DT,VALID_UNTIL_DT) values ('VIN','VGE India',to_date('08-JAN-15','DD-MON-RR'),'Y',to_date('08-JAN-15','DD-MON-RR'),null);
Insert into VF_SPMC_REF.R_MICRO_SEG (MICRO_SEGMENT_CD,MICRO_SEGMENT_DESC,CREATION_DT,CURR_FLAG_YN,VALID_FROM_DT,VALID_UNTIL_DT) values ('VUK','VGE UK',to_date('08-JAN-15','DD-MON-RR'),'Y',to_date('08-JAN-15','DD-MON-RR'),null);
Insert into VF_SPMC_REF.R_MICRO_SEG (MICRO_SEGMENT_CD,MICRO_SEGMENT_DESC,CREATION_DT,CURR_FLAG_YN,VALID_FROM_DT,VALID_UNTIL_DT) values ('WAL','Wales',to_date('08-JAN-15','DD-MON-RR'),'Y',to_date('08-JAN-15','DD-MON-RR'),null);
Insert into VF_SPMC_REF.R_MICRO_SEG (MICRO_SEGMENT_CD,MICRO_SEGMENT_DESC,CREATION_DT,CURR_FLAG_YN,VALID_FROM_DT,VALID_UNTIL_DT) values ('WAS','Wales and South West',to_date('08-JAN-15','DD-MON-RR'),'Y',to_date('08-JAN-15','DD-MON-RR'),null);
REM INSERTING into VF_SPMC_REF.R_OPP_DEAL_TYPE
SET DEFINE OFF;
Insert into VF_SPMC_REF.R_OPP_DEAL_TYPE (OPP_DEAL_TYPE_CD,OPP_DEAL_TYPE_DESC,CREATION_DT,CURR_FLAG_YN,VALID_FROM_DT,VALID_UNTIL_DT) values ('DOP','Design Opportunity',to_date('08-JAN-15','DD-MON-RR'),'Y',to_date('08-JAN-15','DD-MON-RR'),null);
Insert into VF_SPMC_REF.R_OPP_DEAL_TYPE (OPP_DEAL_TYPE_CD,OPP_DEAL_TYPE_DESC,CREATION_DT,CURR_FLAG_YN,VALID_FROM_DT,VALID_UNTIL_DT) values ('EXP','Expansion',to_date('08-JAN-15','DD-MON-RR'),'Y',to_date('08-JAN-15','DD-MON-RR'),null);
Insert into VF_SPMC_REF.R_OPP_DEAL_TYPE (OPP_DEAL_TYPE_CD,OPP_DEAL_TYPE_DESC,CREATION_DT,CURR_FLAG_YN,VALID_FROM_DT,VALID_UNTIL_DT) values ('NEW','New',to_date('08-JAN-15','DD-MON-RR'),'Y',to_date('08-JAN-15','DD-MON-RR'),null);
Insert into VF_SPMC_REF.R_OPP_DEAL_TYPE (OPP_DEAL_TYPE_CD,OPP_DEAL_TYPE_DESC,CREATION_DT,CURR_FLAG_YN,VALID_FROM_DT,VALID_UNTIL_DT) values ('NSV','New Service',to_date('08-JAN-15','DD-MON-RR'),'Y',to_date('08-JAN-15','DD-MON-RR'),null);
Insert into VF_SPMC_REF.R_OPP_DEAL_TYPE (OPP_DEAL_TYPE_CD,OPP_DEAL_TYPE_DESC,CREATION_DT,CURR_FLAG_YN,VALID_FROM_DT,VALID_UNTIL_DT) values ('NML','New1 x Mygig 1 new line',to_date('08-JAN-15','DD-MON-RR'),'Y',to_date('08-JAN-15','DD-MON-RR'),null);
Insert into VF_SPMC_REF.R_OPP_DEAL_TYPE (OPP_DEAL_TYPE_CD,OPP_DEAL_TYPE_DESC,CREATION_DT,CURR_FLAG_YN,VALID_FROM_DT,VALID_UNTIL_DT) values ('OPN','Open',to_date('08-JAN-15','DD-MON-RR'),'Y',to_date('08-JAN-15','DD-MON-RR'),null);
Insert into VF_SPMC_REF.R_OPP_DEAL_TYPE (OPP_DEAL_TYPE_CD,OPP_DEAL_TYPE_DESC,CREATION_DT,CURR_FLAG_YN,VALID_FROM_DT,VALID_UNTIL_DT) values ('POC','POC',to_date('08-JAN-15','DD-MON-RR'),'Y',to_date('08-JAN-15','DD-MON-RR'),null);
Insert into VF_SPMC_REF.R_OPP_DEAL_TYPE (OPP_DEAL_TYPE_CD,OPP_DEAL_TYPE_DESC,CREATION_DT,CURR_FLAG_YN,VALID_FROM_DT,VALID_UNTIL_DT) values ('REV','Renewal',to_date('08-JAN-15','DD-MON-RR'),'Y',to_date('08-JAN-15','DD-MON-RR'),null);
Insert into VF_SPMC_REF.R_OPP_DEAL_TYPE (OPP_DEAL_TYPE_CD,OPP_DEAL_TYPE_DESC,CREATION_DT,CURR_FLAG_YN,VALID_FROM_DT,VALID_UNTIL_DT) values ('SAL','Sales/Marketing',to_date('08-JAN-15','DD-MON-RR'),'Y',to_date('08-JAN-15','DD-MON-RR'),null);
Insert into VF_SPMC_REF.R_OPP_DEAL_TYPE (OPP_DEAL_TYPE_CD,OPP_DEAL_TYPE_DESC,CREATION_DT,CURR_FLAG_YN,VALID_FROM_DT,VALID_UNTIL_DT) values ('SER','Service Retention',to_date('08-JAN-15','DD-MON-RR'),'Y',to_date('08-JAN-15','DD-MON-RR'),null);
Insert into VF_SPMC_REF.R_OPP_DEAL_TYPE (OPP_DEAL_TYPE_CD,OPP_DEAL_TYPE_DESC,CREATION_DT,CURR_FLAG_YN,VALID_FROM_DT,VALID_UNTIL_DT) values ('TAK','Takeover',to_date('08-JAN-15','DD-MON-RR'),'Y',to_date('08-JAN-15','DD-MON-RR'),null);
Insert into VF_SPMC_REF.R_OPP_DEAL_TYPE (OPP_DEAL_TYPE_CD,OPP_DEAL_TYPE_DESC,CREATION_DT,CURR_FLAG_YN,VALID_FROM_DT,VALID_UNTIL_DT) values ('TBC','TBC',to_date('08-JAN-15','DD-MON-RR'),'Y',to_date('08-JAN-15','DD-MON-RR'),null);
Insert into VF_SPMC_REF.R_OPP_DEAL_TYPE (OPP_DEAL_TYPE_CD,OPP_DEAL_TYPE_DESC,CREATION_DT,CURR_FLAG_YN,VALID_FROM_DT,VALID_UNTIL_DT) values ('UPG','Upgrade',to_date('08-JAN-15','DD-MON-RR'),'Y',to_date('08-JAN-15','DD-MON-RR'),null);
Insert into VF_SPMC_REF.R_OPP_DEAL_TYPE (OPP_DEAL_TYPE_CD,OPP_DEAL_TYPE_DESC,CREATION_DT,CURR_FLAG_YN,VALID_FROM_DT,VALID_UNTIL_DT) values ('USG','Usage',to_date('08-JAN-15','DD-MON-RR'),'Y',to_date('08-JAN-15','DD-MON-RR'),null);
Insert into VF_SPMC_REF.R_OPP_DEAL_TYPE (OPP_DEAL_TYPE_CD,OPP_DEAL_TYPE_DESC,CREATION_DT,CURR_FLAG_YN,VALID_FROM_DT,VALID_UNTIL_DT) values ('VDI','Vodacom Direct',to_date('08-JAN-15','DD-MON-RR'),'Y',to_date('08-JAN-15','DD-MON-RR'),null);
REM INSERTING into VF_SPMC_REF.R_OPP_SALES_METHOD
SET DEFINE OFF;
Insert into VF_SPMC_REF.R_OPP_SALES_METHOD (OPP_SALES_METHOD_CD,OPP_SALES_METHOD_DESC,CREATION_DT,CURR_FLAG_YN,VALID_FROM_DT,VALID_UNTIL_DT) values ('MOB','1 - Mobile',to_date('08-JAN-15','DD-MON-RR'),'Y',to_date('08-JAN-15','DD-MON-RR'),null);
Insert into VF_SPMC_REF.R_OPP_SALES_METHOD (OPP_SALES_METHOD_CD,OPP_SALES_METHOD_DESC,CREATION_DT,CURR_FLAG_YN,VALID_FROM_DT,VALID_UNTIL_DT) values ('FIX','2 - Fixed',to_date('08-JAN-15','DD-MON-RR'),'Y',to_date('08-JAN-15','DD-MON-RR'),null);
Insert into VF_SPMC_REF.R_OPP_SALES_METHOD (OPP_SALES_METHOD_CD,OPP_SALES_METHOD_DESC,CREATION_DT,CURR_FLAG_YN,VALID_FROM_DT,VALID_UNTIL_DT) values ('TEN','3 - Tenders',to_date('08-JAN-15','DD-MON-RR'),'Y',to_date('08-JAN-15','DD-MON-RR'),null);
REM INSERTING into VF_SPMC_REF.R_OPP_SALES_STAGE_STATUS
SET DEFINE OFF;
Insert into VF_SPMC_REF.R_OPP_SALES_STAGE_STATUS (OPP_SALES_STAGE_STAT_CD,OPP_SALES_STAGE_STAT_DESC,CREATION_DT,CURR_FLAG_YN,VALID_FROM_DT,VALID_UNTIL_DT) values ('LOS','Lost',to_date('08-JAN-15','DD-MON-RR'),'Y',to_date('08-JAN-15','DD-MON-RR'),null);
Insert into VF_SPMC_REF.R_OPP_SALES_STAGE_STATUS (OPP_SALES_STAGE_STAT_CD,OPP_SALES_STAGE_STAT_DESC,CREATION_DT,CURR_FLAG_YN,VALID_FROM_DT,VALID_UNTIL_DT) values ('OPN','Open',to_date('08-JAN-15','DD-MON-RR'),'Y',to_date('08-JAN-15','DD-MON-RR'),null);
Insert into VF_SPMC_REF.R_OPP_SALES_STAGE_STATUS (OPP_SALES_STAGE_STAT_CD,OPP_SALES_STAGE_STAT_DESC,CREATION_DT,CURR_FLAG_YN,VALID_FROM_DT,VALID_UNTIL_DT) values ('WON','Won',to_date('08-JAN-15','DD-MON-RR'),'Y',to_date('08-JAN-15','DD-MON-RR'),null);
REM INSERTING into VF_SPMC_REF.R_OPP_STATUS
SET DEFINE OFF;
Insert into VF_SPMC_REF.R_OPP_STATUS (OPP_STAT_CD,OPP_STAT_DESC,CREATION_DT,CURR_FLAG_YN,VALID_FROM_DT,VALID_UNTIL_DT) values ('LOS','Lost',to_date('08-JAN-15','DD-MON-RR'),'Y',to_date('08-JAN-15','DD-MON-RR'),null);
Insert into VF_SPMC_REF.R_OPP_STATUS (OPP_STAT_CD,OPP_STAT_DESC,CREATION_DT,CURR_FLAG_YN,VALID_FROM_DT,VALID_UNTIL_DT) values ('OPN','Open',to_date('08-JAN-15','DD-MON-RR'),'Y',to_date('08-JAN-15','DD-MON-RR'),null);
REM INSERTING into VF_SPMC_REF.R_PORTFOLIO_CAT
SET DEFINE OFF;
Insert into VF_SPMC_REF.R_PORTFOLIO_CAT (PORTFOLIO_CAT_CD,PORTFOLIO_CAT_DESC,CREATION_DT,CURR_FLAG_YN,VALID_FROM_DT,VALID_UNTIL_DT) values ('CAP','Cloud Applications',to_date('08-JAN-15','DD-MON-RR'),'Y',to_date('08-JAN-15','DD-MON-RR'),null);
Insert into VF_SPMC_REF.R_PORTFOLIO_CAT (PORTFOLIO_CAT_CD,PORTFOLIO_CAT_DESC,CREATION_DT,CURR_FLAG_YN,VALID_FROM_DT,VALID_UNTIL_DT) values ('CON','Connectivity',to_date('08-JAN-15','DD-MON-RR'),'Y',to_date('08-JAN-15','DD-MON-RR'),null);
Insert into VF_SPMC_REF.R_PORTFOLIO_CAT (PORTFOLIO_CAT_CD,PORTFOLIO_CAT_DESC,CREATION_DT,CURR_FLAG_YN,VALID_FROM_DT,VALID_UNTIL_DT) values ('CSA','Connectivity and Secure Access',to_date('08-JAN-15','DD-MON-RR'),'Y',to_date('08-JAN-15','DD-MON-RR'),null);
Insert into VF_SPMC_REF.R_PORTFOLIO_CAT (PORTFOLIO_CAT_CD,PORTFOLIO_CAT_DESC,CREATION_DT,CURR_FLAG_YN,VALID_FROM_DT,VALID_UNTIL_DT) values ('MTM','Machine to Machine',to_date('08-JAN-15','DD-MON-RR'),'Y',to_date('08-JAN-15','DD-MON-RR'),null);
Insert into VF_SPMC_REF.R_PORTFOLIO_CAT (PORTFOLIO_CAT_CD,PORTFOLIO_CAT_DESC,CREATION_DT,CURR_FLAG_YN,VALID_FROM_DT,VALID_UNTIL_DT) values ('SER','Services',to_date('08-JAN-15','DD-MON-RR'),'Y',to_date('08-JAN-15','DD-MON-RR'),null);
Insert into VF_SPMC_REF.R_PORTFOLIO_CAT (PORTFOLIO_CAT_CD,PORTFOLIO_CAT_DESC,CREATION_DT,CURR_FLAG_YN,VALID_FROM_DT,VALID_UNTIL_DT) values ('UCI','Unified Comms and Customer Interaction',to_date('08-JAN-15','DD-MON-RR'),'Y',to_date('08-JAN-15','DD-MON-RR'),null);
REM INSERTING into VF_SPMC_REF.R_PRODUCT_FAMILY
SET DEFINE OFF;
Insert into VF_SPMC_REF.R_PRODUCT_FAMILY (PRODUCT_FAMILY_CD,PRODUCT_FAMILY_DESC,CREATION_DT,CURR_FLAG_YN,VALID_FROM_DT,VALID_UNTIL_DT) values ('ADV','Advise',to_date('08-JAN-15','DD-MON-RR'),'Y',to_date('08-JAN-15','DD-MON-RR'),null);
Insert into VF_SPMC_REF.R_PRODUCT_FAMILY (PRODUCT_FAMILY_CD,PRODUCT_FAMILY_DESC,CREATION_DT,CURR_FLAG_YN,VALID_FROM_DT,VALID_UNTIL_DT) values ('ASS','Assure',to_date('08-JAN-15','DD-MON-RR'),'Y',to_date('08-JAN-15','DD-MON-RR'),null);
Insert into VF_SPMC_REF.R_PRODUCT_FAMILY (PRODUCT_FAMILY_CD,PRODUCT_FAMILY_DESC,CREATION_DT,CURR_FLAG_YN,VALID_FROM_DT,VALID_UNTIL_DT) values ('AUC','Audio Conferencing',to_date('08-JAN-15','DD-MON-RR'),'Y',to_date('08-JAN-15','DD-MON-RR'),null);
Insert into VF_SPMC_REF.R_PRODUCT_FAMILY (PRODUCT_FAMILY_CD,PRODUCT_FAMILY_DESC,CREATION_DT,CURR_FLAG_YN,VALID_FROM_DT,VALID_UNTIL_DT) values ('CCE','Call Centre',to_date('08-JAN-15','DD-MON-RR'),'Y',to_date('08-JAN-15','DD-MON-RR'),null);
Insert into VF_SPMC_REF.R_PRODUCT_FAMILY (PRODUCT_FAMILY_CD,PRODUCT_FAMILY_DESC,CREATION_DT,CURR_FLAG_YN,VALID_FROM_DT,VALID_UNTIL_DT) values ('CLC','Cloud Computing',to_date('08-JAN-15','DD-MON-RR'),'Y',to_date('08-JAN-15','DD-MON-RR'),null);
Insert into VF_SPMC_REF.R_PRODUCT_FAMILY (PRODUCT_FAMILY_CD,PRODUCT_FAMILY_DESC,CREATION_DT,CURR_FLAG_YN,VALID_FROM_DT,VALID_UNTIL_DT) values ('CLF','Co-Location Family',to_date('08-JAN-15','DD-MON-RR'),'Y',to_date('08-JAN-15','DD-MON-RR'),null);
Insert into VF_SPMC_REF.R_PRODUCT_FAMILY (PRODUCT_FAMILY_CD,PRODUCT_FAMILY_DESC,CREATION_DT,CURR_FLAG_YN,VALID_FROM_DT,VALID_UNTIL_DT) values ('CAC','Conferencing and Collaboration',to_date('08-JAN-15','DD-MON-RR'),'Y',to_date('08-JAN-15','DD-MON-RR'),null);
Insert into VF_SPMC_REF.R_PRODUCT_FAMILY (PRODUCT_FAMILY_CD,PRODUCT_FAMILY_DESC,CREATION_DT,CURR_FLAG_YN,VALID_FROM_DT,VALID_UNTIL_DT) values ('CUI','Customer Interaction',to_date('08-JAN-15','DD-MON-RR'),'Y',to_date('08-JAN-15','DD-MON-RR'),null);
Insert into VF_SPMC_REF.R_PRODUCT_FAMILY (PRODUCT_FAMILY_CD,PRODUCT_FAMILY_DESC,CREATION_DT,CURR_FLAG_YN,VALID_FROM_DT,VALID_UNTIL_DT) values ('DEL','Deliver',to_date('08-JAN-15','DD-MON-RR'),'Y',to_date('08-JAN-15','DD-MON-RR'),null);
Insert into VF_SPMC_REF.R_PRODUCT_FAMILY (PRODUCT_FAMILY_CD,PRODUCT_FAMILY_DESC,CREATION_DT,CURR_FLAG_YN,VALID_FROM_DT,VALID_UNTIL_DT) values ('EMA','Email',to_date('08-JAN-15','DD-MON-RR'),'Y',to_date('08-JAN-15','DD-MON-RR'),null);
Insert into VF_SPMC_REF.R_PRODUCT_FAMILY (PRODUCT_FAMILY_CD,PRODUCT_FAMILY_DESC,CREATION_DT,CURR_FLAG_YN,VALID_FROM_DT,VALID_UNTIL_DT) values ('EML','E-Mail',to_date('08-JAN-15','DD-MON-RR'),'Y',to_date('08-JAN-15','DD-MON-RR'),null);
Insert into VF_SPMC_REF.R_PRODUCT_FAMILY (PRODUCT_FAMILY_CD,PRODUCT_FAMILY_DESC,CREATION_DT,CURR_FLAG_YN,VALID_FROM_DT,VALID_UNTIL_DT) values ('ENA','Enterprise Applications',to_date('08-JAN-15','DD-MON-RR'),'Y',to_date('08-JAN-15','DD-MON-RR'),null);
Insert into VF_SPMC_REF.R_PRODUCT_FAMILY (PRODUCT_FAMILY_CD,PRODUCT_FAMILY_DESC,CREATION_DT,CURR_FLAG_YN,VALID_FROM_DT,VALID_UNTIL_DT) values ('ENT','Enterprise Telephony',to_date('08-JAN-15','DD-MON-RR'),'Y',to_date('08-JAN-15','DD-MON-RR'),null);
Insert into VF_SPMC_REF.R_PRODUCT_FAMILY (PRODUCT_FAMILY_CD,PRODUCT_FAMILY_DESC,CREATION_DT,CURR_FLAG_YN,VALID_FROM_DT,VALID_UNTIL_DT) values ('FFA','Field Force Applications',to_date('08-JAN-15','DD-MON-RR'),'Y',to_date('08-JAN-15','DD-MON-RR'),null);
Insert into VF_SPMC_REF.R_PRODUCT_FAMILY (PRODUCT_FAMILY_CD,PRODUCT_FAMILY_DESC,CREATION_DT,CURR_FLAG_YN,VALID_FROM_DT,VALID_UNTIL_DT) values ('FID','Fixed Data',to_date('08-JAN-15','DD-MON-RR'),'Y',to_date('08-JAN-15','DD-MON-RR'),null);
Insert into VF_SPMC_REF.R_PRODUCT_FAMILY (PRODUCT_FAMILY_CD,PRODUCT_FAMILY_DESC,CREATION_DT,CURR_FLAG_YN,VALID_FROM_DT,VALID_UNTIL_DT) values ('FIV','Fixed Voice',to_date('08-JAN-15','DD-MON-RR'),'Y',to_date('08-JAN-15','DD-MON-RR'),null);
Insert into VF_SPMC_REF.R_PRODUCT_FAMILY (PRODUCT_FAMILY_CD,PRODUCT_FAMILY_DESC,CREATION_DT,CURR_FLAG_YN,VALID_FROM_DT,VALID_UNTIL_DT) values ('HOS','Hosting',to_date('08-JAN-15','DD-MON-RR'),'Y',to_date('08-JAN-15','DD-MON-RR'),null);
Insert into VF_SPMC_REF.R_PRODUCT_FAMILY (PRODUCT_FAMILY_CD,PRODUCT_FAMILY_DESC,CREATION_DT,CURR_FLAG_YN,VALID_FROM_DT,VALID_UNTIL_DT) values ('INB','In-Building Connectivity',to_date('08-JAN-15','DD-MON-RR'),'Y',to_date('08-JAN-15','DD-MON-RR'),null);
Insert into VF_SPMC_REF.R_PRODUCT_FAMILY (PRODUCT_FAMILY_CD,PRODUCT_FAMILY_DESC,CREATION_DT,CURR_FLAG_YN,VALID_FROM_DT,VALID_UNTIL_DT) values ('IVD','Integrated Voice and Data Mobile',to_date('08-JAN-15','DD-MON-RR'),'Y',to_date('08-JAN-15','DD-MON-RR'),null);
Insert into VF_SPMC_REF.R_PRODUCT_FAMILY (PRODUCT_FAMILY_CD,PRODUCT_FAMILY_DESC,CREATION_DT,CURR_FLAG_YN,VALID_FROM_DT,VALID_UNTIL_DT) values ('IEA','IP and Ethernet Access',to_date('08-JAN-15','DD-MON-RR'),'Y',to_date('08-JAN-15','DD-MON-RR'),null);
Insert into VF_SPMC_REF.R_PRODUCT_FAMILY (PRODUCT_FAMILY_CD,PRODUCT_FAMILY_DESC,CREATION_DT,CURR_FLAG_YN,VALID_FROM_DT,VALID_UNTIL_DT) values ('LAN','LAN',to_date('08-JAN-15','DD-MON-RR'),'Y',to_date('08-JAN-15','DD-MON-RR'),null);
Insert into VF_SPMC_REF.R_PRODUCT_FAMILY (PRODUCT_FAMILY_CD,PRODUCT_FAMILY_DESC,CREATION_DT,CURR_FLAG_YN,VALID_FROM_DT,VALID_UNTIL_DT) values ('MCP','M2M Connected Products',to_date('08-JAN-15','DD-MON-RR'),'Y',to_date('08-JAN-15','DD-MON-RR'),null);
Insert into VF_SPMC_REF.R_PRODUCT_FAMILY (PRODUCT_FAMILY_CD,PRODUCT_FAMILY_DESC,CREATION_DT,CURR_FLAG_YN,VALID_FROM_DT,VALID_UNTIL_DT) values ('MCO','M2M Connectivity',to_date('08-JAN-15','DD-MON-RR'),'Y',to_date('08-JAN-15','DD-MON-RR'),null);
Insert into VF_SPMC_REF.R_PRODUCT_FAMILY (PRODUCT_FAMILY_CD,PRODUCT_FAMILY_DESC,CREATION_DT,CURR_FLAG_YN,VALID_FROM_DT,VALID_UNTIL_DT) values ('MMC','M2M Managed Connectivity',to_date('08-JAN-15','DD-MON-RR'),'Y',to_date('08-JAN-15','DD-MON-RR'),null);
Insert into VF_SPMC_REF.R_PRODUCT_FAMILY (PRODUCT_FAMILY_CD,PRODUCT_FAMILY_DESC,CREATION_DT,CURR_FLAG_YN,VALID_FROM_DT,VALID_UNTIL_DT) values ('MSO','M2M Solutions',to_date('08-JAN-15','DD-MON-RR'),'Y',to_date('08-JAN-15','DD-MON-RR'),null);
Insert into VF_SPMC_REF.R_PRODUCT_FAMILY (PRODUCT_FAMILY_CD,PRODUCT_FAMILY_DESC,CREATION_DT,CURR_FLAG_YN,VALID_FROM_DT,VALID_UNTIL_DT) values ('MTM','Machine To Machine',to_date('08-JAN-15','DD-MON-RR'),'Y',to_date('08-JAN-15','DD-MON-RR'),null);
Insert into VF_SPMC_REF.R_PRODUCT_FAMILY (PRODUCT_FAMILY_CD,PRODUCT_FAMILY_DESC,CREATION_DT,CURR_FLAG_YN,VALID_FROM_DT,VALID_UNTIL_DT) values ('MOD','Mobile Data',to_date('08-JAN-15','DD-MON-RR'),'Y',to_date('08-JAN-15','DD-MON-RR'),null);
Insert into VF_SPMC_REF.R_PRODUCT_FAMILY (PRODUCT_FAMILY_CD,PRODUCT_FAMILY_DESC,CREATION_DT,CURR_FLAG_YN,VALID_FROM_DT,VALID_UNTIL_DT) values ('MOV','Mobile Voice',to_date('08-JAN-15','DD-MON-RR'),'Y',to_date('08-JAN-15','DD-MON-RR'),null);
Insert into VF_SPMC_REF.R_PRODUCT_FAMILY (PRODUCT_FAMILY_CD,PRODUCT_FAMILY_DESC,CREATION_DT,CURR_FLAG_YN,VALID_FROM_DT,VALID_UNTIL_DT) values ('ONN','One Net',to_date('08-JAN-15','DD-MON-RR'),'Y',to_date('08-JAN-15','DD-MON-RR'),null);
Insert into VF_SPMC_REF.R_PRODUCT_FAMILY (PRODUCT_FAMILY_CD,PRODUCT_FAMILY_DESC,CREATION_DT,CURR_FLAG_YN,VALID_FROM_DT,VALID_UNTIL_DT) values ('PBX','PBX',to_date('08-JAN-15','DD-MON-RR'),'Y',to_date('08-JAN-15','DD-MON-RR'),null);
Insert into VF_SPMC_REF.R_PRODUCT_FAMILY (PRODUCT_FAMILY_CD,PRODUCT_FAMILY_DESC,CREATION_DT,CURR_FLAG_YN,VALID_FROM_DT,VALID_UNTIL_DT) values ('PSF','Professional Services Family',to_date('08-JAN-15','DD-MON-RR'),'Y',to_date('08-JAN-15','DD-MON-RR'),null);
Insert into VF_SPMC_REF.R_PRODUCT_FAMILY (PRODUCT_FAMILY_CD,PRODUCT_FAMILY_DESC,CREATION_DT,CURR_FLAG_YN,VALID_FROM_DT,VALID_UNTIL_DT) values ('RMA','Remote Access',to_date('08-JAN-15','DD-MON-RR'),'Y',to_date('08-JAN-15','DD-MON-RR'),null);
Insert into VF_SPMC_REF.R_PRODUCT_FAMILY (PRODUCT_FAMILY_CD,PRODUCT_FAMILY_DESC,CREATION_DT,CURR_FLAG_YN,VALID_FROM_DT,VALID_UNTIL_DT) values ('SEC','Security',to_date('08-JAN-15','DD-MON-RR'),'Y',to_date('08-JAN-15','DD-MON-RR'),null);
Insert into VF_SPMC_REF.R_PRODUCT_FAMILY (PRODUCT_FAMILY_CD,PRODUCT_FAMILY_DESC,CREATION_DT,CURR_FLAG_YN,VALID_FROM_DT,VALID_UNTIL_DT) values ('STB','Storage and Backup',to_date('08-JAN-15','DD-MON-RR'),'Y',to_date('08-JAN-15','DD-MON-RR'),null);
Insert into VF_SPMC_REF.R_PRODUCT_FAMILY (PRODUCT_FAMILY_CD,PRODUCT_FAMILY_DESC,CREATION_DT,CURR_FLAG_YN,VALID_FROM_DT,VALID_UNTIL_DT) values ('TRA','Traditional Access',to_date('08-JAN-15','DD-MON-RR'),'Y',to_date('08-JAN-15','DD-MON-RR'),null);
Insert into VF_SPMC_REF.R_PRODUCT_FAMILY (PRODUCT_FAMILY_CD,PRODUCT_FAMILY_DESC,CREATION_DT,CURR_FLAG_YN,VALID_FROM_DT,VALID_UNTIL_DT) values ('VCO','Video Conferencing',to_date('08-JAN-15','DD-MON-RR'),'Y',to_date('08-JAN-15','DD-MON-RR'),null);
REM INSERTING into VF_SPMC_REF.R_PRODUCT_LINE
SET DEFINE OFF;
Insert into VF_SPMC_REF.R_PRODUCT_LINE (PRODUCT_LINE_CD,PRODUCT_LINE_DESC,CREATION_DT,CURR_FLAG_YN,VALID_FROM_DT,VALID_UNTIL_DT) values ('AUC','Audio Conferencing',to_date('08-JAN-15','DD-MON-RR'),'Y',to_date('08-JAN-15','DD-MON-RR'),null);
Insert into VF_SPMC_REF.R_PRODUCT_LINE (PRODUCT_LINE_CD,PRODUCT_LINE_DESC,CREATION_DT,CURR_FLAG_YN,VALID_FROM_DT,VALID_UNTIL_DT) values ('CLL','Co-Location Line',to_date('08-JAN-15','DD-MON-RR'),'Y',to_date('08-JAN-15','DD-MON-RR'),null);
Insert into VF_SPMC_REF.R_PRODUCT_LINE (PRODUCT_LINE_CD,PRODUCT_LINE_DESC,CREATION_DT,CURR_FLAG_YN,VALID_FROM_DT,VALID_UNTIL_DT) values ('CCP','Contact Centre Platforms',to_date('08-JAN-15','DD-MON-RR'),'Y',to_date('08-JAN-15','DD-MON-RR'),null);
Insert into VF_SPMC_REF.R_PRODUCT_LINE (PRODUCT_LINE_CD,PRODUCT_LINE_DESC,CREATION_DT,CURR_FLAG_YN,VALID_FROM_DT,VALID_UNTIL_DT) values ('DCM','Dedicated Computing',to_date('08-JAN-15','DD-MON-RR'),'Y',to_date('08-JAN-15','DD-MON-RR'),null);
Insert into VF_SPMC_REF.R_PRODUCT_LINE (PRODUCT_LINE_CD,PRODUCT_LINE_DESC,CREATION_DT,CURR_FLAG_YN,VALID_FROM_DT,VALID_UNTIL_DT) values ('DMG','Device Mgmnt',to_date('08-JAN-15','DD-MON-RR'),'Y',to_date('08-JAN-15','DD-MON-RR'),null);
Insert into VF_SPMC_REF.R_PRODUCT_LINE (PRODUCT_LINE_CD,PRODUCT_LINE_DESC,CREATION_DT,CURR_FLAG_YN,VALID_FROM_DT,VALID_UNTIL_DT) values ('IBC','In-Building Coverage',to_date('08-JAN-15','DD-MON-RR'),'Y',to_date('08-JAN-15','DD-MON-RR'),null);
Insert into VF_SPMC_REF.R_PRODUCT_LINE (PRODUCT_LINE_CD,PRODUCT_LINE_DESC,CREATION_DT,CURR_FLAG_YN,VALID_FROM_DT,VALID_UNTIL_DT) values ('IMT','Integrated Mobile Tariffs',to_date('08-JAN-15','DD-MON-RR'),'Y',to_date('08-JAN-15','DD-MON-RR'),null);
Insert into VF_SPMC_REF.R_PRODUCT_LINE (PRODUCT_LINE_CD,PRODUCT_LINE_DESC,CREATION_DT,CURR_FLAG_YN,VALID_FROM_DT,VALID_UNTIL_DT) values ('IED','IP and Ethernet Data',to_date('08-JAN-15','DD-MON-RR'),'Y',to_date('08-JAN-15','DD-MON-RR'),null);
Insert into VF_SPMC_REF.R_PRODUCT_LINE (PRODUCT_LINE_CD,PRODUCT_LINE_DESC,CREATION_DT,CURR_FLAG_YN,VALID_FROM_DT,VALID_UNTIL_DT) values ('IEV','IP and Ethernet Voice',to_date('08-JAN-15','DD-MON-RR'),'Y',to_date('08-JAN-15','DD-MON-RR'),null);
Insert into VF_SPMC_REF.R_PRODUCT_LINE (PRODUCT_LINE_CD,PRODUCT_LINE_DESC,CREATION_DT,CURR_FLAG_YN,VALID_FROM_DT,VALID_UNTIL_DT) values ('IPT','IP Telephony',to_date('08-JAN-15','DD-MON-RR'),'Y',to_date('08-JAN-15','DD-MON-RR'),null);
Insert into VF_SPMC_REF.R_PRODUCT_LINE (PRODUCT_LINE_CD,PRODUCT_LINE_DESC,CREATION_DT,CURR_FLAG_YN,VALID_FROM_DT,VALID_UNTIL_DT) values ('LAN','LAN and Wireless LAN',to_date('08-JAN-15','DD-MON-RR'),'Y',to_date('08-JAN-15','DD-MON-RR'),null);
Insert into VF_SPMC_REF.R_PRODUCT_LINE (PRODUCT_LINE_CD,PRODUCT_LINE_DESC,CREATION_DT,CURR_FLAG_YN,VALID_FROM_DT,VALID_UNTIL_DT) values ('MBR','Mobile Broadband',to_date('08-JAN-15','DD-MON-RR'),'Y',to_date('08-JAN-15','DD-MON-RR'),null);
Insert into VF_SPMC_REF.R_PRODUCT_LINE (PRODUCT_LINE_CD,PRODUCT_LINE_DESC,CREATION_DT,CURR_FLAG_YN,VALID_FROM_DT,VALID_UNTIL_DT) values ('MMT','Mobile M2M Telematics',to_date('08-JAN-15','DD-MON-RR'),'Y',to_date('08-JAN-15','DD-MON-RR'),null);
Insert into VF_SPMC_REF.R_PRODUCT_LINE (PRODUCT_LINE_CD,PRODUCT_LINE_DESC,CREATION_DT,CURR_FLAG_YN,VALID_FROM_DT,VALID_UNTIL_DT) values ('MVO','Mobile Voice Only Tariff',to_date('08-JAN-15','DD-MON-RR'),'Y',to_date('08-JAN-15','DD-MON-RR'),null);
Insert into VF_SPMC_REF.R_PRODUCT_LINE (PRODUCT_LINE_CD,PRODUCT_LINE_DESC,CREATION_DT,CURR_FLAG_YN,VALID_FROM_DT,VALID_UNTIL_DT) values ('MSE','Monitored Service',to_date('08-JAN-15','DD-MON-RR'),'Y',to_date('08-JAN-15','DD-MON-RR'),null);
Insert into VF_SPMC_REF.R_PRODUCT_LINE (PRODUCT_LINE_CD,PRODUCT_LINE_DESC,CREATION_DT,CURR_FLAG_YN,VALID_FROM_DT,VALID_UNTIL_DT) values ('NAP','Native app development',to_date('08-JAN-15','DD-MON-RR'),'Y',to_date('08-JAN-15','DD-MON-RR'),null);
Insert into VF_SPMC_REF.R_PRODUCT_LINE (PRODUCT_LINE_CD,PRODUCT_LINE_DESC,CREATION_DT,CURR_FLAG_YN,VALID_FROM_DT,VALID_UNTIL_DT) values ('OAP','Office Applications',to_date('08-JAN-15','DD-MON-RR'),'Y',to_date('08-JAN-15','DD-MON-RR'),null);
Insert into VF_SPMC_REF.R_PRODUCT_LINE (PRODUCT_LINE_CD,PRODUCT_LINE_DESC,CREATION_DT,CURR_FLAG_YN,VALID_FROM_DT,VALID_UNTIL_DT) values ('ONS','One Net Services',to_date('08-JAN-15','DD-MON-RR'),'Y',to_date('08-JAN-15','DD-MON-RR'),null);
Insert into VF_SPMC_REF.R_PRODUCT_LINE (PRODUCT_LINE_CD,PRODUCT_LINE_DESC,CREATION_DT,CURR_FLAG_YN,VALID_FROM_DT,VALID_UNTIL_DT) values ('OSS','Outsourced Service',to_date('08-JAN-15','DD-MON-RR'),'Y',to_date('08-JAN-15','DD-MON-RR'),null);
Insert into VF_SPMC_REF.R_PRODUCT_LINE (PRODUCT_LINE_CD,PRODUCT_LINE_DESC,CREATION_DT,CURR_FLAG_YN,VALID_FROM_DT,VALID_UNTIL_DT) values ('PRS','Professional Services',to_date('08-JAN-15','DD-MON-RR'),'Y',to_date('08-JAN-15','DD-MON-RR'),null);
Insert into VF_SPMC_REF.R_PRODUCT_LINE (PRODUCT_LINE_CD,PRODUCT_LINE_DESC,CREATION_DT,CURR_FLAG_YN,VALID_FROM_DT,VALID_UNTIL_DT) values ('RMA','Remote Access',to_date('08-JAN-15','DD-MON-RR'),'Y',to_date('08-JAN-15','DD-MON-RR'),null);
Insert into VF_SPMC_REF.R_PRODUCT_LINE (PRODUCT_LINE_CD,PRODUCT_LINE_DESC,CREATION_DT,CURR_FLAG_YN,VALID_FROM_DT,VALID_UNTIL_DT) values ('SMD','Smart Devices',to_date('08-JAN-15','DD-MON-RR'),'Y',to_date('08-JAN-15','DD-MON-RR'),null);
Insert into VF_SPMC_REF.R_PRODUCT_LINE (PRODUCT_LINE_CD,PRODUCT_LINE_DESC,CREATION_DT,CURR_FLAG_YN,VALID_FROM_DT,VALID_UNTIL_DT) values ('SDP','Storage and Data Protection',to_date('08-JAN-15','DD-MON-RR'),'Y',to_date('08-JAN-15','DD-MON-RR'),null);
Insert into VF_SPMC_REF.R_PRODUCT_LINE (PRODUCT_LINE_CD,PRODUCT_LINE_DESC,CREATION_DT,CURR_FLAG_YN,VALID_FROM_DT,VALID_UNTIL_DT) values ('TMG','Threat Management',to_date('08-JAN-15','DD-MON-RR'),'Y',to_date('08-JAN-15','DD-MON-RR'),null);
Insert into VF_SPMC_REF.R_PRODUCT_LINE (PRODUCT_LINE_CD,PRODUCT_LINE_DESC,CREATION_DT,CURR_FLAG_YN,VALID_FROM_DT,VALID_UNTIL_DT) values ('TVC','Traditional Voice',to_date('08-JAN-15','DD-MON-RR'),'Y',to_date('08-JAN-15','DD-MON-RR'),null);
Insert into VF_SPMC_REF.R_PRODUCT_LINE (PRODUCT_LINE_CD,PRODUCT_LINE_DESC,CREATION_DT,CURR_FLAG_YN,VALID_FROM_DT,VALID_UNTIL_DT) values ('TSE','Transition Services',to_date('08-JAN-15','DD-MON-RR'),'Y',to_date('08-JAN-15','DD-MON-RR'),null);
Insert into VF_SPMC_REF.R_PRODUCT_LINE (PRODUCT_LINE_CD,PRODUCT_LINE_DESC,CREATION_DT,CURR_FLAG_YN,VALID_FROM_DT,VALID_UNTIL_DT) values ('UCM','Unified Communications (Advise)',to_date('08-JAN-15','DD-MON-RR'),'Y',to_date('08-JAN-15','DD-MON-RR'),null);
Insert into VF_SPMC_REF.R_PRODUCT_LINE (PRODUCT_LINE_CD,PRODUCT_LINE_DESC,CREATION_DT,CURR_FLAG_YN,VALID_FROM_DT,VALID_UNTIL_DT) values ('VCO','Video conferencing',to_date('08-JAN-15','DD-MON-RR'),'Y',to_date('08-JAN-15','DD-MON-RR'),null);
REM INSERTING into VF_SPMC_REF.R_REGION
SET DEFINE OFF;
Insert into VF_SPMC_REF.R_REGION (REGION_CD,REGION_DESC,CREATION_DT,CURR_FLAG_YN,VALID_FROM_DT,VALID_UNTIL_DT) values ('KAN','Karnataka',to_date('03-FEB-15','DD-MON-RR'),'Y',to_date('03-FEB-15','DD-MON-RR'),null);
Insert into VF_SPMC_REF.R_REGION (REGION_CD,REGION_DESC,CREATION_DT,CURR_FLAG_YN,VALID_FROM_DT,VALID_UNTIL_DT) values ('MUM','Mumbai',to_date('03-FEB-15','DD-MON-RR'),'Y',to_date('03-FEB-15','DD-MON-RR'),null);
Insert into VF_SPMC_REF.R_REGION (REGION_CD,REGION_DESC,CREATION_DT,CURR_FLAG_YN,VALID_FROM_DT,VALID_UNTIL_DT) values ('DEL','Delhi',to_date('03-FEB-15','DD-MON-RR'),'Y',to_date('03-FEB-15','DD-MON-RR'),null);
Insert into VF_SPMC_REF.R_REGION (REGION_CD,REGION_DESC,CREATION_DT,CURR_FLAG_YN,VALID_FROM_DT,VALID_UNTIL_DT) values ('GUJ','Gujarat',to_date('03-FEB-15','DD-MON-RR'),'Y',to_date('03-FEB-15','DD-MON-RR'),null);
Insert into VF_SPMC_REF.R_REGION (REGION_CD,REGION_DESC,CREATION_DT,CURR_FLAG_YN,VALID_FROM_DT,VALID_UNTIL_DT) values ('MAG','Maharashtra And Goa',to_date('03-FEB-15','DD-MON-RR'),'Y',to_date('03-FEB-15','DD-MON-RR'),null);
Insert into VF_SPMC_REF.R_REGION (REGION_CD,REGION_DESC,CREATION_DT,CURR_FLAG_YN,VALID_FROM_DT,VALID_UNTIL_DT) values ('PUN','Punjab',to_date('03-FEB-15','DD-MON-RR'),'Y',to_date('03-FEB-15','DD-MON-RR'),null);
Insert into VF_SPMC_REF.R_REGION (REGION_CD,REGION_DESC,CREATION_DT,CURR_FLAG_YN,VALID_FROM_DT,VALID_UNTIL_DT) values ('KOL','Kolkata',to_date('03-FEB-15','DD-MON-RR'),'Y',to_date('03-FEB-15','DD-MON-RR'),null);
Insert into VF_SPMC_REF.R_REGION (REGION_CD,REGION_DESC,CREATION_DT,CURR_FLAG_YN,VALID_FROM_DT,VALID_UNTIL_DT) values ('CHE','Chennai',to_date('03-FEB-15','DD-MON-RR'),'Y',to_date('03-FEB-15','DD-MON-RR'),null);
Insert into VF_SPMC_REF.R_REGION (REGION_CD,REGION_DESC,CREATION_DT,CURR_FLAG_YN,VALID_FROM_DT,VALID_UNTIL_DT) values ('AND','Andhra Pradesh',to_date('03-FEB-15','DD-MON-RR'),'Y',to_date('03-FEB-15','DD-MON-RR'),null);
Insert into VF_SPMC_REF.R_REGION (REGION_CD,REGION_DESC,CREATION_DT,CURR_FLAG_YN,VALID_FROM_DT,VALID_UNTIL_DT) values ('KER','Kerala',to_date('03-FEB-15','DD-MON-RR'),'Y',to_date('03-FEB-15','DD-MON-RR'),null);
Insert into VF_SPMC_REF.R_REGION (REGION_CD,REGION_DESC,CREATION_DT,CURR_FLAG_YN,VALID_FROM_DT,VALID_UNTIL_DT) values ('RAJ','Rajasthan',to_date('03-FEB-15','DD-MON-RR'),'Y',to_date('03-FEB-15','DD-MON-RR'),null);
Insert into VF_SPMC_REF.R_REGION (REGION_CD,REGION_DESC,CREATION_DT,CURR_FLAG_YN,VALID_FROM_DT,VALID_UNTIL_DT) values ('ASS','Assam',to_date('03-FEB-15','DD-MON-RR'),'Y',to_date('03-FEB-15','DD-MON-RR'),null);
Insert into VF_SPMC_REF.R_REGION (REGION_CD,REGION_DESC,CREATION_DT,CURR_FLAG_YN,VALID_FROM_DT,VALID_UNTIL_DT) values ('HAR','Haryana',to_date('03-FEB-15','DD-MON-RR'),'Y',to_date('03-FEB-15','DD-MON-RR'),null);
Insert into VF_SPMC_REF.R_REGION (REGION_CD,REGION_DESC,CREATION_DT,CURR_FLAG_YN,VALID_FROM_DT,VALID_UNTIL_DT) values ('MAD','Madhya Pradesh',to_date('03-FEB-15','DD-MON-RR'),'Y',to_date('03-FEB-15','DD-MON-RR'),null);
Insert into VF_SPMC_REF.R_REGION (REGION_CD,REGION_DESC,CREATION_DT,CURR_FLAG_YN,VALID_FROM_DT,VALID_UNTIL_DT) values ('UPE','UPE',to_date('03-FEB-15','DD-MON-RR'),'Y',to_date('03-FEB-15','DD-MON-RR'),null);
Insert into VF_SPMC_REF.R_REGION (REGION_CD,REGION_DESC,CREATION_DT,CURR_FLAG_YN,VALID_FROM_DT,VALID_UNTIL_DT) values ('UPW','UPW',to_date('03-FEB-15','DD-MON-RR'),'Y',to_date('03-FEB-15','DD-MON-RR'),null);
Insert into VF_SPMC_REF.R_REGION (REGION_CD,REGION_DESC,CREATION_DT,CURR_FLAG_YN,VALID_FROM_DT,VALID_UNTIL_DT) values ('ROT','ROTN',to_date('03-FEB-15','DD-MON-RR'),'Y',to_date('03-FEB-15','DD-MON-RR'),null);
Insert into VF_SPMC_REF.R_REGION (REGION_CD,REGION_DESC,CREATION_DT,CURR_FLAG_YN,VALID_FROM_DT,VALID_UNTIL_DT) values ('BIJ','Bihar and Jharkhand',to_date('03-FEB-15','DD-MON-RR'),'Y',to_date('03-FEB-15','DD-MON-RR'),null);
Insert into VF_SPMC_REF.R_REGION (REGION_CD,REGION_DESC,CREATION_DT,CURR_FLAG_YN,VALID_FROM_DT,VALID_UNTIL_DT) values ('MAH','Maharashtra',to_date('03-FEB-15','DD-MON-RR'),'Y',to_date('03-FEB-15','DD-MON-RR'),null);
Insert into VF_SPMC_REF.R_REGION (REGION_CD,REGION_DESC,CREATION_DT,CURR_FLAG_YN,VALID_FROM_DT,VALID_UNTIL_DT) values ('ORI','Orissa',to_date('03-FEB-15','DD-MON-RR'),'Y',to_date('03-FEB-15','DD-MON-RR'),null);
Insert into VF_SPMC_REF.R_REGION (REGION_CD,REGION_DESC,CREATION_DT,CURR_FLAG_YN,VALID_FROM_DT,VALID_UNTIL_DT) values ('BIH','Bihar',to_date('03-FEB-15','DD-MON-RR'),'Y',to_date('03-FEB-15','DD-MON-RR'),null);
REM INSERTING into VF_SPMC_REF.R_REVENUE_TYPE
SET DEFINE OFF;
Insert into VF_SPMC_REF.R_REVENUE_TYPE (REVENUE_TYPE_CD,REVENUE_TYPE_DESC,CREATION_DT,CURR_FLAG_YN,VALID_FROM_DT,VALID_UNTIL_DT) values ('COM','Combined',to_date('03-FEB-15','DD-MON-RR'),'Y',to_date('03-FEB-15','DD-MON-RR'),null);
Insert into VF_SPMC_REF.R_REVENUE_TYPE (REVENUE_TYPE_CD,REVENUE_TYPE_DESC,CREATION_DT,CURR_FLAG_YN,VALID_FROM_DT,VALID_UNTIL_DT) values ('NEW','New',to_date('03-FEB-15','DD-MON-RR'),'Y',to_date('03-FEB-15','DD-MON-RR'),null);
REM INSERTING into VF_SPMC_REF.R_SALES_SEG
SET DEFINE OFF;
Insert into VF_SPMC_REF.R_SALES_SEG (SALES_SEG_CD,SALES_SEG_DESC,CREATION_DT,CURR_FLAG_YN,VALID_FROM_DT,VALID_UNTIL_DT) values ('LCO','Local Corporate',to_date('08-JAN-15','DD-MON-RR'),'Y',to_date('08-JAN-15','DD-MON-RR'),null);
Insert into VF_SPMC_REF.R_SALES_SEG (SALES_SEG_CD,SALES_SEG_DESC,CREATION_DT,CURR_FLAG_YN,VALID_FROM_DT,VALID_UNTIL_DT) values ('MAS','Macro Segment',to_date('08-JAN-15','DD-MON-RR'),'Y',to_date('08-JAN-15','DD-MON-RR'),null);
Insert into VF_SPMC_REF.R_SALES_SEG (SALES_SEG_CD,SALES_SEG_DESC,CREATION_DT,CURR_FLAG_YN,VALID_FROM_DT,VALID_UNTIL_DT) values ('PUB','Public',to_date('08-JAN-15','DD-MON-RR'),'Y',to_date('08-JAN-15','DD-MON-RR'),null);
Insert into VF_SPMC_REF.R_SALES_SEG (SALES_SEG_CD,SALES_SEG_DESC,CREATION_DT,CURR_FLAG_YN,VALID_FROM_DT,VALID_UNTIL_DT) values ('SME','SME',to_date('08-JAN-15','DD-MON-RR'),'Y',to_date('08-JAN-15','DD-MON-RR'),null);
Insert into VF_SPMC_REF.R_SALES_SEG (SALES_SEG_CD,SALES_SEG_DESC,CREATION_DT,CURR_FLAG_YN,VALID_FROM_DT,VALID_UNTIL_DT) values ('SOH','SOHO',to_date('08-JAN-15','DD-MON-RR'),'Y',to_date('08-JAN-15','DD-MON-RR'),null);
Insert into VF_SPMC_REF.R_SALES_SEG (SALES_SEG_CD,SALES_SEG_DESC,CREATION_DT,CURR_FLAG_YN,VALID_FROM_DT,VALID_UNTIL_DT) values ('VGE','VGE',to_date('08-JAN-15','DD-MON-RR'),'Y',to_date('08-JAN-15','DD-MON-RR'),null);
REM INSERTING into VF_SPMC_REF.R_SOURCE_FILES
SET DEFINE OFF;
Insert into VF_SPMC_REF.R_SOURCE_FILES (SOURCE_FILE_ID,SOURCE_FILE_TYPE,SOURCE_FILE_NAME) values (1,'REVENUE','M1.REVENUE.csv');
Insert into VF_SPMC_REF.R_SOURCE_FILES (SOURCE_FILE_ID,SOURCE_FILE_TYPE,SOURCE_FILE_NAME) values (2,'REVENUE','M2.REVENUE.csv');
Insert into VF_SPMC_REF.R_SOURCE_FILES (SOURCE_FILE_ID,SOURCE_FILE_TYPE,SOURCE_FILE_NAME) values (3,'REVENUE_TARGET','M1.REVENUE_TARGET.csv');
Insert into VF_SPMC_REF.R_SOURCE_FILES (SOURCE_FILE_ID,SOURCE_FILE_TYPE,SOURCE_FILE_NAME) values (4,'REVENUE_TARGET','M2.REVENUE_TARGET.csv');
Insert into VF_SPMC_REF.R_SOURCE_FILES (SOURCE_FILE_ID,SOURCE_FILE_TYPE,SOURCE_FILE_NAME) values (5,'REVENUE_FORECAST','M1.REVENUE_FORECAST.csv');
Insert into VF_SPMC_REF.R_SOURCE_FILES (SOURCE_FILE_ID,SOURCE_FILE_TYPE,SOURCE_FILE_NAME) values (6,'REVENUE_FORECAST','M2.REVENUE_FORECAST.csv');
Insert into VF_SPMC_REF.R_SOURCE_FILES (SOURCE_FILE_ID,SOURCE_FILE_TYPE,SOURCE_FILE_NAME) values (7,'LANDSCAPES','M1.LANDSCAPES.csv');
Insert into VF_SPMC_REF.R_SOURCE_FILES (SOURCE_FILE_ID,SOURCE_FILE_TYPE,SOURCE_FILE_NAME) values (8,'LANDSCAPES','M2.LANDSCAPES.csv');
Insert into VF_SPMC_REF.R_SOURCE_FILES (SOURCE_FILE_ID,SOURCE_FILE_TYPE,SOURCE_FILE_NAME) values (9,'OPPORTUNITIES','M1.OPPORTUNITIES.csv');
Insert into VF_SPMC_REF.R_SOURCE_FILES (SOURCE_FILE_ID,SOURCE_FILE_TYPE,SOURCE_FILE_NAME) values (10,'OPPORTUNITIES','M2.OPPORTUNITIES.csv');
REM INSERTING into VF_SPMC_REF.R_SOURCE_FILES_BKP
SET DEFINE OFF;
Insert into VF_SPMC_REF.R_SOURCE_FILES_BKP (SOURCE_FILE_ID,SOURCE_FILE_TYPE,SOURCE_FILE_NAME) values (1,'OPP','IN.OPP.csv');
Insert into VF_SPMC_REF.R_SOURCE_FILES_BKP (SOURCE_FILE_ID,SOURCE_FILE_TYPE,SOURCE_FILE_NAME) values (2,'OPP','NZ.OPP.csv');
Insert into VF_SPMC_REF.R_SOURCE_FILES_BKP (SOURCE_FILE_ID,SOURCE_FILE_TYPE,SOURCE_FILE_NAME) values (3,'OPP','ZA.OPP.csv');
REM INSERTING into VF_SPMC_REF.R_SOURCE_FILES_LOADHIST
SET DEFINE OFF;
Insert into VF_SPMC_REF.R_SOURCE_FILES_LOADHIST (LOAD_DATE,SOURCE_FILE_TYPE,SOURCE_FILE_NAME,LOAD_STATUS) values (to_date('23-FEB-15','DD-MON-RR'),'REVENUE',' C1.REVENUE.csv ','FAILURE');
Insert into VF_SPMC_REF.R_SOURCE_FILES_LOADHIST (LOAD_DATE,SOURCE_FILE_TYPE,SOURCE_FILE_NAME,LOAD_STATUS) values (to_date('23-FEB-15','DD-MON-RR'),'REVENUE',' C2.REVENUE.csv ','FAILURE');
Insert into VF_SPMC_REF.R_SOURCE_FILES_LOADHIST (LOAD_DATE,SOURCE_FILE_TYPE,SOURCE_FILE_NAME,LOAD_STATUS) values (to_date('23-FEB-15','DD-MON-RR'),'REVENUE',' C3.REVENUE.csv ','FAILURE');
Insert into VF_SPMC_REF.R_SOURCE_FILES_LOADHIST (LOAD_DATE,SOURCE_FILE_TYPE,SOURCE_FILE_NAME,LOAD_STATUS) values (to_date('23-FEB-15','DD-MON-RR'),'REVENUE',' C4.REVENUE.csv ','FAILURE');
Insert into VF_SPMC_REF.R_SOURCE_FILES_LOADHIST (LOAD_DATE,SOURCE_FILE_TYPE,SOURCE_FILE_NAME,LOAD_STATUS) values (to_date('23-FEB-15','DD-MON-RR'),'REVENUE_TARGET',' C1.REVENUE_TARGET.csv ','SUCCESS');
Insert into VF_SPMC_REF.R_SOURCE_FILES_LOADHIST (LOAD_DATE,SOURCE_FILE_TYPE,SOURCE_FILE_NAME,LOAD_STATUS) values (to_date('23-FEB-15','DD-MON-RR'),'REVENUE_TARGET',' C2.REVENUE_TARGET.csv ','SUCCESS');
Insert into VF_SPMC_REF.R_SOURCE_FILES_LOADHIST (LOAD_DATE,SOURCE_FILE_TYPE,SOURCE_FILE_NAME,LOAD_STATUS) values (to_date('23-FEB-15','DD-MON-RR'),'REVENUE_TARGET',' C3.REVENUE_TARGET.csv ','SUCCESS');
Insert into VF_SPMC_REF.R_SOURCE_FILES_LOADHIST (LOAD_DATE,SOURCE_FILE_TYPE,SOURCE_FILE_NAME,LOAD_STATUS) values (to_date('23-FEB-15','DD-MON-RR'),'REVENUE_TARGET',' C4.REVENUE_TARGET.csv ','SUCCESS');
Insert into VF_SPMC_REF.R_SOURCE_FILES_LOADHIST (LOAD_DATE,SOURCE_FILE_TYPE,SOURCE_FILE_NAME,LOAD_STATUS) values (to_date('23-FEB-15','DD-MON-RR'),'REVENUE_FORECAST',' C1.REVENUE_FORECAST.csv ','SUCCESS');
Insert into VF_SPMC_REF.R_SOURCE_FILES_LOADHIST (LOAD_DATE,SOURCE_FILE_TYPE,SOURCE_FILE_NAME,LOAD_STATUS) values (to_date('23-FEB-15','DD-MON-RR'),'REVENUE_FORECAST',' C2.REVENUE_FORECAST.csv ','SUCCESS');
Insert into VF_SPMC_REF.R_SOURCE_FILES_LOADHIST (LOAD_DATE,SOURCE_FILE_TYPE,SOURCE_FILE_NAME,LOAD_STATUS) values (to_date('23-FEB-15','DD-MON-RR'),'REVENUE_FORECAST',' C3.REVENUE_FORECAST.csv ','SUCCESS');
Insert into VF_SPMC_REF.R_SOURCE_FILES_LOADHIST (LOAD_DATE,SOURCE_FILE_TYPE,SOURCE_FILE_NAME,LOAD_STATUS) values (to_date('23-FEB-15','DD-MON-RR'),'REVENUE_FORECAST',' C4.REVENUE_FORECAST.csv ','SUCCESS');
Insert into VF_SPMC_REF.R_SOURCE_FILES_LOADHIST (LOAD_DATE,SOURCE_FILE_TYPE,SOURCE_FILE_NAME,LOAD_STATUS) values (to_date('24-FEB-15','DD-MON-RR'),'OPPORTUNITIES',' M1.OPPORTUNITIES.csv ','SUCCESS');
Insert into VF_SPMC_REF.R_SOURCE_FILES_LOADHIST (LOAD_DATE,SOURCE_FILE_TYPE,SOURCE_FILE_NAME,LOAD_STATUS) values (to_date('24-FEB-15','DD-MON-RR'),'OPPORTUNITIES',' M2.OPPORTUNITIES.csv ','SUCCESS');
Insert into VF_SPMC_REF.R_SOURCE_FILES_LOADHIST (LOAD_DATE,SOURCE_FILE_TYPE,SOURCE_FILE_NAME,LOAD_STATUS) values (to_date('24-FEB-15','DD-MON-RR'),'REVENUE_TARGET',' M1.LANDSCAPES.csv ','SUCCESS');
Insert into VF_SPMC_REF.R_SOURCE_FILES_LOADHIST (LOAD_DATE,SOURCE_FILE_TYPE,SOURCE_FILE_NAME,LOAD_STATUS) values (to_date('24-FEB-15','DD-MON-RR'),'LANDSCAPES',' M2.LANDSCAPES.csv ','SUCCESS');
Insert into VF_SPMC_REF.R_SOURCE_FILES_LOADHIST (LOAD_DATE,SOURCE_FILE_TYPE,SOURCE_FILE_NAME,LOAD_STATUS) values (to_date('24-FEB-15','DD-MON-RR'),'REVENUE',' M1.REVENUE.csv ','FAILURE');
Insert into VF_SPMC_REF.R_SOURCE_FILES_LOADHIST (LOAD_DATE,SOURCE_FILE_TYPE,SOURCE_FILE_NAME,LOAD_STATUS) values (to_date('24-FEB-15','DD-MON-RR'),'REVENUE',' M2.REVENUE.csv ','FAILURE');
Insert into VF_SPMC_REF.R_SOURCE_FILES_LOADHIST (LOAD_DATE,SOURCE_FILE_TYPE,SOURCE_FILE_NAME,LOAD_STATUS) values (to_date('24-FEB-15','DD-MON-RR'),'REVENUE_TARGET',' M1.REVENUE_TARGET.csv ','SUCCESS');
Insert into VF_SPMC_REF.R_SOURCE_FILES_LOADHIST (LOAD_DATE,SOURCE_FILE_TYPE,SOURCE_FILE_NAME,LOAD_STATUS) values (to_date('24-FEB-15','DD-MON-RR'),'REVENUE_TARGET',' M2.REVENUE_TARGET.csv ','SUCCESS');
Insert into VF_SPMC_REF.R_SOURCE_FILES_LOADHIST (LOAD_DATE,SOURCE_FILE_TYPE,SOURCE_FILE_NAME,LOAD_STATUS) values (to_date('24-FEB-15','DD-MON-RR'),'REVENUE_FORECAST',' M1.REVENUE_FORECAST.csv ','SUCCESS');
Insert into VF_SPMC_REF.R_SOURCE_FILES_LOADHIST (LOAD_DATE,SOURCE_FILE_TYPE,SOURCE_FILE_NAME,LOAD_STATUS) values (to_date('24-FEB-15','DD-MON-RR'),'REVENUE_FORECAST',' M2.REVENUE_FORECAST.csv ','SUCCESS');
Insert into VF_SPMC_REF.R_SOURCE_FILES_LOADHIST (LOAD_DATE,SOURCE_FILE_TYPE,SOURCE_FILE_NAME,LOAD_STATUS) values (to_date('24-FEB-15','DD-MON-RR'),'LANDSCAPES',' M1.LANDSCAPES.csv ','SUCCESS');
Insert into VF_SPMC_REF.R_SOURCE_FILES_LOADHIST (LOAD_DATE,SOURCE_FILE_TYPE,SOURCE_FILE_NAME,LOAD_STATUS) values (to_date('24-FEB-15','DD-MON-RR'),'LANDSCAPES',' M2.LANDSCAPES.csv ','SUCCESS');
Insert into VF_SPMC_REF.R_SOURCE_FILES_LOADHIST (LOAD_DATE,SOURCE_FILE_TYPE,SOURCE_FILE_NAME,LOAD_STATUS) values (to_date('24-FEB-15','DD-MON-RR'),'REVENUE',' M1.REVENUE.csv ','FAILURE');
Insert into VF_SPMC_REF.R_SOURCE_FILES_LOADHIST (LOAD_DATE,SOURCE_FILE_TYPE,SOURCE_FILE_NAME,LOAD_STATUS) values (to_date('24-FEB-15','DD-MON-RR'),'REVENUE',' M2.REVENUE.csv ','FAILURE');
Insert into VF_SPMC_REF.R_SOURCE_FILES_LOADHIST (LOAD_DATE,SOURCE_FILE_TYPE,SOURCE_FILE_NAME,LOAD_STATUS) values (to_date('24-FEB-15','DD-MON-RR'),'REVENUE_TARGET',' M1.REVENUE_TARGET.csv ','SUCCESS');
Insert into VF_SPMC_REF.R_SOURCE_FILES_LOADHIST (LOAD_DATE,SOURCE_FILE_TYPE,SOURCE_FILE_NAME,LOAD_STATUS) values (to_date('24-FEB-15','DD-MON-RR'),'REVENUE_TARGET',' M2.REVENUE_TARGET.csv ','SUCCESS');
Insert into VF_SPMC_REF.R_SOURCE_FILES_LOADHIST (LOAD_DATE,SOURCE_FILE_TYPE,SOURCE_FILE_NAME,LOAD_STATUS) values (to_date('24-FEB-15','DD-MON-RR'),'REVENUE_FORECAST',' M1.REVENUE_FORECAST.csv ','SUCCESS');
Insert into VF_SPMC_REF.R_SOURCE_FILES_LOADHIST (LOAD_DATE,SOURCE_FILE_TYPE,SOURCE_FILE_NAME,LOAD_STATUS) values (to_date('24-FEB-15','DD-MON-RR'),'REVENUE_FORECAST',' M2.REVENUE_FORECAST.csv ','SUCCESS');
REM INSERTING into VF_SPMC_REF.R_STAGE
SET DEFINE OFF;
Insert into VF_SPMC_REF.R_STAGE (STAGE_CD,STAGE_DESC,CREATION_DT,CURR_FLAG_YN,VALID_FROM_DT,VALID_UNTIL_DT) values ('CLO','Close',to_date('08-JAN-15','DD-MON-RR'),'Y',to_date('08-JAN-15','DD-MON-RR'),null);
Insert into VF_SPMC_REF.R_STAGE (STAGE_CD,STAGE_DESC,CREATION_DT,CURR_FLAG_YN,VALID_FROM_DT,VALID_UNTIL_DT) values ('CLC','Closed Lost',to_date('08-JAN-15','DD-MON-RR'),'Y',to_date('08-JAN-15','DD-MON-RR'),null);
Insert into VF_SPMC_REF.R_STAGE (STAGE_CD,STAGE_DESC,CREATION_DT,CURR_FLAG_YN,VALID_FROM_DT,VALID_UNTIL_DT) values ('CND','Closed No Deal',to_date('08-JAN-15','DD-MON-RR'),'Y',to_date('08-JAN-15','DD-MON-RR'),null);
Insert into VF_SPMC_REF.R_STAGE (STAGE_CD,STAGE_DESC,CREATION_DT,CURR_FLAG_YN,VALID_FROM_DT,VALID_UNTIL_DT) values ('CLW','Closed Won',to_date('08-JAN-15','DD-MON-RR'),'Y',to_date('08-JAN-15','DD-MON-RR'),null);
Insert into VF_SPMC_REF.R_STAGE (STAGE_CD,STAGE_DESC,CREATION_DT,CURR_FLAG_YN,VALID_FROM_DT,VALID_UNTIL_DT) values ('CCR','Contract Created',to_date('08-JAN-15','DD-MON-RR'),'Y',to_date('08-JAN-15','DD-MON-RR'),null);
Insert into VF_SPMC_REF.R_STAGE (STAGE_CD,STAGE_DESC,CREATION_DT,CURR_FLAG_YN,VALID_FROM_DT,VALID_UNTIL_DT) values ('CNE','Contract Negotiations',to_date('08-JAN-15','DD-MON-RR'),'Y',to_date('08-JAN-15','DD-MON-RR'),null);
Insert into VF_SPMC_REF.R_STAGE (STAGE_CD,STAGE_DESC,CREATION_DT,CURR_FLAG_YN,VALID_FROM_DT,VALID_UNTIL_DT) values ('CSI','Contract Signed',to_date('08-JAN-15','DD-MON-RR'),'Y',to_date('08-JAN-15','DD-MON-RR'),null);
Insert into VF_SPMC_REF.R_STAGE (STAGE_CD,STAGE_DESC,CREATION_DT,CURR_FLAG_YN,VALID_FROM_DT,VALID_UNTIL_DT) values ('CSU','Contract Submitted',to_date('08-JAN-15','DD-MON-RR'),'Y',to_date('08-JAN-15','DD-MON-RR'),null);
Insert into VF_SPMC_REF.R_STAGE (STAGE_CD,STAGE_DESC,CREATION_DT,CURR_FLAG_YN,VALID_FROM_DT,VALID_UNTIL_DT) values ('CAC','CRD Accepted',to_date('08-JAN-15','DD-MON-RR'),'Y',to_date('08-JAN-15','DD-MON-RR'),null);
Insert into VF_SPMC_REF.R_STAGE (STAGE_CD,STAGE_DESC,CREATION_DT,CURR_FLAG_YN,VALID_FROM_DT,VALID_UNTIL_DT) values ('CAG','CRD Gathered',to_date('08-JAN-15','DD-MON-RR'),'Y',to_date('08-JAN-15','DD-MON-RR'),null);
Insert into VF_SPMC_REF.R_STAGE (STAGE_CD,STAGE_DESC,CREATION_DT,CURR_FLAG_YN,VALID_FROM_DT,VALID_UNTIL_DT) values ('CRG','Customer Requirements Gathered',to_date('08-JAN-15','DD-MON-RR'),'Y',to_date('08-JAN-15','DD-MON-RR'),null);
Insert into VF_SPMC_REF.R_STAGE (STAGE_CD,STAGE_DESC,CREATION_DT,CURR_FLAG_YN,VALID_FROM_DT,VALID_UNTIL_DT) values ('FPS','Final Proposal Submitted',to_date('08-JAN-15','DD-MON-RR'),'Y',to_date('08-JAN-15','DD-MON-RR'),null);
Insert into VF_SPMC_REF.R_STAGE (STAGE_CD,STAGE_DESC,CREATION_DT,CURR_FLAG_YN,VALID_FROM_DT,VALID_UNTIL_DT) values ('IDN','Identify',to_date('08-JAN-15','DD-MON-RR'),'Y',to_date('08-JAN-15','DD-MON-RR'),null);
Insert into VF_SPMC_REF.R_STAGE (STAGE_CD,STAGE_DESC,CREATION_DT,CURR_FLAG_YN,VALID_FROM_DT,VALID_UNTIL_DT) values ('IML','Implement',to_date('08-JAN-15','DD-MON-RR'),'Y',to_date('08-JAN-15','DD-MON-RR'),null);
Insert into VF_SPMC_REF.R_STAGE (STAGE_CD,STAGE_DESC,CREATION_DT,CURR_FLAG_YN,VALID_FROM_DT,VALID_UNTIL_DT) values ('IMP','Implemented',to_date('08-JAN-15','DD-MON-RR'),'Y',to_date('08-JAN-15','DD-MON-RR'),null);
Insert into VF_SPMC_REF.R_STAGE (STAGE_CD,STAGE_DESC,CREATION_DT,CURR_FLAG_YN,VALID_FROM_DT,VALID_UNTIL_DT) values ('LID','Lead Identified',to_date('08-JAN-15','DD-MON-RR'),'Y',to_date('08-JAN-15','DD-MON-RR'),null);
Insert into VF_SPMC_REF.R_STAGE (STAGE_CD,STAGE_DESC,CREATION_DT,CURR_FLAG_YN,VALID_FROM_DT,VALID_UNTIL_DT) values ('LNA','Lead Not Attended',to_date('08-JAN-15','DD-MON-RR'),'Y',to_date('08-JAN-15','DD-MON-RR'),null);
Insert into VF_SPMC_REF.R_STAGE (STAGE_CD,STAGE_DESC,CREATION_DT,CURR_FLAG_YN,VALID_FROM_DT,VALID_UNTIL_DT) values ('LQU','Lead Qualified',to_date('08-JAN-15','DD-MON-RR'),'Y',to_date('08-JAN-15','DD-MON-RR'),null);
Insert into VF_SPMC_REF.R_STAGE (STAGE_CD,STAGE_DESC,CREATION_DT,CURR_FLAG_YN,VALID_FROM_DT,VALID_UNTIL_DT) values ('LOS','Lost',to_date('08-JAN-15','DD-MON-RR'),'Y',to_date('08-JAN-15','DD-MON-RR'),null);
Insert into VF_SPMC_REF.R_STAGE (STAGE_CD,STAGE_DESC,CREATION_DT,CURR_FLAG_YN,VALID_FROM_DT,VALID_UNTIL_DT) values ('NEO','Negotiate',to_date('08-JAN-15','DD-MON-RR'),'Y',to_date('08-JAN-15','DD-MON-RR'),null);
Insert into VF_SPMC_REF.R_STAGE (STAGE_CD,STAGE_DESC,CREATION_DT,CURR_FLAG_YN,VALID_FROM_DT,VALID_UNTIL_DT) values ('NEG','Negotiation',to_date('08-JAN-15','DD-MON-RR'),'Y',to_date('08-JAN-15','DD-MON-RR'),null);
Insert into VF_SPMC_REF.R_STAGE (STAGE_CD,STAGE_DESC,CREATION_DT,CURR_FLAG_YN,VALID_FROM_DT,VALID_UNTIL_DT) values ('OPI','Opportunity Identified',to_date('08-JAN-15','DD-MON-RR'),'Y',to_date('08-JAN-15','DD-MON-RR'),null);
Insert into VF_SPMC_REF.R_STAGE (STAGE_CD,STAGE_DESC,CREATION_DT,CURR_FLAG_YN,VALID_FROM_DT,VALID_UNTIL_DT) values ('OSS','Opportunity Sales Stage',to_date('08-JAN-15','DD-MON-RR'),'Y',to_date('08-JAN-15','DD-MON-RR'),null);
Insert into VF_SPMC_REF.R_STAGE (STAGE_CD,STAGE_DESC,CREATION_DT,CURR_FLAG_YN,VALID_FROM_DT,VALID_UNTIL_DT) values ('PTA','Partner Accepted',to_date('08-JAN-15','DD-MON-RR'),'Y',to_date('08-JAN-15','DD-MON-RR'),null);
Insert into VF_SPMC_REF.R_STAGE (STAGE_CD,STAGE_DESC,CREATION_DT,CURR_FLAG_YN,VALID_FROM_DT,VALID_UNTIL_DT) values ('PRA','Proposal Accepted',to_date('08-JAN-15','DD-MON-RR'),'Y',to_date('08-JAN-15','DD-MON-RR'),null);
Insert into VF_SPMC_REF.R_STAGE (STAGE_CD,STAGE_DESC,CREATION_DT,CURR_FLAG_YN,VALID_FROM_DT,VALID_UNTIL_DT) values ('PRC','Proposal created',to_date('08-JAN-15','DD-MON-RR'),'Y',to_date('08-JAN-15','DD-MON-RR'),null);
Insert into VF_SPMC_REF.R_STAGE (STAGE_CD,STAGE_DESC,CREATION_DT,CURR_FLAG_YN,VALID_FROM_DT,VALID_UNTIL_DT) values ('PSD','Proposal Signed with Declaration',to_date('08-JAN-15','DD-MON-RR'),'Y',to_date('08-JAN-15','DD-MON-RR'),null);
Insert into VF_SPMC_REF.R_STAGE (STAGE_CD,STAGE_DESC,CREATION_DT,CURR_FLAG_YN,VALID_FROM_DT,VALID_UNTIL_DT) values ('PSW','Proposal Signed without Declaration',to_date('08-JAN-15','DD-MON-RR'),'Y',to_date('08-JAN-15','DD-MON-RR'),null);
Insert into VF_SPMC_REF.R_STAGE (STAGE_CD,STAGE_DESC,CREATION_DT,CURR_FLAG_YN,VALID_FROM_DT,VALID_UNTIL_DT) values ('PRO','Propose',to_date('08-JAN-15','DD-MON-RR'),'Y',to_date('08-JAN-15','DD-MON-RR'),null);
Insert into VF_SPMC_REF.R_STAGE (STAGE_CD,STAGE_DESC,CREATION_DT,CURR_FLAG_YN,VALID_FROM_DT,VALID_UNTIL_DT) values ('POR','Purchase order Received',to_date('08-JAN-15','DD-MON-RR'),'Y',to_date('08-JAN-15','DD-MON-RR'),null);
Insert into VF_SPMC_REF.R_STAGE (STAGE_CD,STAGE_DESC,CREATION_DT,CURR_FLAG_YN,VALID_FROM_DT,VALID_UNTIL_DT) values ('QUA','Qualification',to_date('08-JAN-15','DD-MON-RR'),'Y',to_date('08-JAN-15','DD-MON-RR'),null);
Insert into VF_SPMC_REF.R_STAGE (STAGE_CD,STAGE_DESC,CREATION_DT,CURR_FLAG_YN,VALID_FROM_DT,VALID_UNTIL_DT) values ('QUL','Qualify',to_date('08-JAN-15','DD-MON-RR'),'Y',to_date('08-JAN-15','DD-MON-RR'),null);
Insert into VF_SPMC_REF.R_STAGE (STAGE_CD,STAGE_DESC,CREATION_DT,CURR_FLAG_YN,VALID_FROM_DT,VALID_UNTIL_DT) values ('QUE','Query',to_date('08-JAN-15','DD-MON-RR'),'Y',to_date('08-JAN-15','DD-MON-RR'),null);
Insert into VF_SPMC_REF.R_STAGE (STAGE_CD,STAGE_DESC,CREATION_DT,CURR_FLAG_YN,VALID_FROM_DT,VALID_UNTIL_DT) values ('SOP','Sales Order Processing',to_date('08-JAN-15','DD-MON-RR'),'Y',to_date('08-JAN-15','DD-MON-RR'),null);
Insert into VF_SPMC_REF.R_STAGE (STAGE_CD,STAGE_DESC,CREATION_DT,CURR_FLAG_YN,VALID_FROM_DT,VALID_UNTIL_DT) values ('SHO','Shortlisted',to_date('08-JAN-15','DD-MON-RR'),'Y',to_date('08-JAN-15','DD-MON-RR'),null);
Insert into VF_SPMC_REF.R_STAGE (STAGE_CD,STAGE_DESC,CREATION_DT,CURR_FLAG_YN,VALID_FROM_DT,VALID_UNTIL_DT) values ('STA','Stage',to_date('08-JAN-15','DD-MON-RR'),'Y',to_date('08-JAN-15','DD-MON-RR'),null);
Insert into VF_SPMC_REF.R_STAGE (STAGE_CD,STAGE_DESC,CREATION_DT,CURR_FLAG_YN,VALID_FROM_DT,VALID_UNTIL_DT) values ('TEC','Tender Created',to_date('08-JAN-15','DD-MON-RR'),'Y',to_date('08-JAN-15','DD-MON-RR'),null);
Insert into VF_SPMC_REF.R_STAGE (STAGE_CD,STAGE_DESC,CREATION_DT,CURR_FLAG_YN,VALID_FROM_DT,VALID_UNTIL_DT) values ('TES','Tender Submitted',to_date('08-JAN-15','DD-MON-RR'),'Y',to_date('08-JAN-15','DD-MON-RR'),null);
Insert into VF_SPMC_REF.R_STAGE (STAGE_CD,STAGE_DESC,CREATION_DT,CURR_FLAG_YN,VALID_FROM_DT,VALID_UNTIL_DT) values ('WON','Won',to_date('08-JAN-15','DD-MON-RR'),'Y',to_date('08-JAN-15','DD-MON-RR'),null);
REM INSERTING into VF_SPMC_REF.R_STUCK_OPPORTUNITY
SET DEFINE OFF;
Insert into VF_SPMC_REF.R_STUCK_OPPORTUNITY (STUCK_OPP_CD,STUCK_OPP_DESC,CREATION_DT,CURR_FLAG_YN,VALID_FROM_DT,VALID_UNTIL_DT) values ('NOT','Not-Stuck',to_date('08-JAN-15','DD-MON-RR'),'Y',to_date('08-JAN-15','DD-MON-RR'),null);
Insert into VF_SPMC_REF.R_STUCK_OPPORTUNITY (STUCK_OPP_CD,STUCK_OPP_DESC,CREATION_DT,CURR_FLAG_YN,VALID_FROM_DT,VALID_UNTIL_DT) values ('STU','Stuck Oppty',to_date('08-JAN-15','DD-MON-RR'),'Y',to_date('08-JAN-15','DD-MON-RR'),null);
REM INSERTING into VF_SPMC_REF.R_TARGET_TYPE
SET DEFINE OFF;
Insert into VF_SPMC_REF.R_TARGET_TYPE (TARGET_TYPE_CD,TARGET_TYPE_DESC,CREATION_DT,CURR_FLAG_YN,VALID_FROM_DT,VALID_UNTIL_DT) values ('MOB','Mobile',to_date('03-FEB-15','DD-MON-RR'),'Y',to_date('03-FEB-15','DD-MON-RR'),null);
Insert into VF_SPMC_REF.R_TARGET_TYPE (TARGET_TYPE_CD,TARGET_TYPE_DESC,CREATION_DT,CURR_FLAG_YN,VALID_FROM_DT,VALID_UNTIL_DT) values ('FIX','Fixed',to_date('03-FEB-15','DD-MON-RR'),'Y',to_date('03-FEB-15','DD-MON-RR'),null);
